"Time","AccelX","AccelY","AccelZ"
"66942473","-0.0037841797","3.9054108","8.178223"
"66942674","0.6074829","3.3895416","8.633087"
"66942876","1.4731598","3.8911896","8.837982"
"66943077","1.9891968","4.284134","9.156067"
"66943279","4.0208282","5.557129","8.654678"
"66943480","6.1832886","7.363678","8.71077"
"66943681","-1.3795319","0.6004486","-0.66963196"
"66943883","5.3542175","-8.750275","-2.2486877"
"66944084","14.981491","-10.926285","-7.1989746"
"66944286","2.9872894","-12.902115","-3.1548767"
"66944487","1.7163239","-6.703949","-3.3349762"
"66944688","8.240234","-10.254288","-1.9636688"
"66944890","3.4121094","-7.2669373","-3.3453674"
"66945091","5.401947","-4.953537","-7.921829"
"66945293","0.47128296","-2.0502625","-8.4626465"
"66945494","-0.39233398","-2.6732178","-10.346619"
"66945696","-1.9353027","0.7471771","-9.663864"
"66945897","-1.5540619","1.7386475","-8.855759"
"66946098","1.7010956","0.5980072","-9.9767"
"66946300","2.9610748","1.3330078","-9.548126"
"66946501","4.4269867","0.9614868","-8.890472"
"66946703","5.3178864","-1.4293365","-7.2301483"
"66946904","6.3404083","-1.1876831","-6.990143"
"66947105","4.307373","-6.9670563","-5.583023"
"66947307","6.0700226","1.6771393","-8.030197"
"66947508","12.825043","-0.55426025","-8.659866"
"66947710","8.912735","1.1464691","-1.6477814"
"66947911","9.705887","0.6721802","-0.029907227"
"66948113","7.740341","4.5010986","-0.0048217773"
"66948314","6.257675","5.429138","1.025528"
"66948515","6.348419","6.6701508","1.16716"
"66948717","8.509064","6.0187225","-0.57614136"
"66948918","6.992279","6.4058075","0.8896942"
"66949120","6.5495605","7.2192535","-0.28848267"
"66949321","5.70932","7.7309113","1.6681671"
"66949522","4.5775604","8.66217","-0.97720337"
"66949724","2.5658112","8.922745","0.32002258"
"66949925","1.3686981","10.37381","-1.2348022"
"66950127","5.340805","5.496765","-3.138733"
"66950328","6.4401855","4.023407","-9.378616"
"66950530","-4.3076324","5.2468414","-10.034454"
"66950731","-4.6430054","7.6557617","-1.8320313"
"66950932","-8.039581","5.1063232","-0.6250458"
"66951134","-7.951828","3.9858093","-0.48779297"
"66951335","-9.896805","7.352646","-0.8714905"
"66951537","-6.443802","5.7437134","1.1972198"
"66951738","-6.8618317","7.5516357","1.4102325"
"66951939","-8.248276","6.302231","0.58496094"
"66952141","-7.7379913","5.401413","-1.9422607"
"66952342","-7.454544","4.226654","2.2313995"
"66952544","-8.137421","7.412964","1.6534119"
"66952745","-4.1615753","7.6554413","0.7434082"
"66952947","-1.2612152","10.8367","-1.2020874"
"66953148","-5.389511","8.500366","0.851532"
"66953349","-4.09552","9.5494995","3.6561584"
"66953551","-5.971451","8.181824","2.8109283"
"66953752","-4.219208","4.9179688","-3.9570313"
"66953954","-2.5613098","-9.176468","-7.2765656"
"66954155","2.0618286","-7.1496124","-5.6993713"
"66954356","0.97080994","-9.593475","-2.8217468"
"66954558","1.0005188","-8.2434845","-2.358902"
"66954759","-0.32791138","-9.315659","-0.023773193"
"66954961","-2.5851593","-5.7147827","8.351532"
"66955162","-7.108185","-7.3432007","4.260559"
"66955364","-9.495743","-9.93927","-5.4969788"
"66955565","-4.3864594","-7.1047516","1.421936"
"66955766","-0.5915985","-7.5358276","-0.780365"
"66955968","-0.80641174","-8.044418","-0.93569946"
"66956169","-2.472931","-10.527191","-0.3367157"
"66956371","-1.8184204","-9.798126","-1.2740326"
"66956572","-5.413208","-9.326492","0.48620605"
"66956773","-0.6837616","-7.124466","0.8551941"
"66956975","-3.621643","-9.541916","0.59106445"
"66957176","-0.623291","-10.098297","0.27571106"
"66957378","3.8687592","-8.40361","-0.24275208"
"66957579","4.6485443","-7.6419983","-1.625"
"66957781","5.0287933","-7.3930206","-1.4305725"
"66957982","4.6259613","-9.286652","-2.2434692"
"66958183","3.3818817","-8.815598","-2.3854675"
"66958385","1.9644012","-8.812851","0.97491455"
"66958586","2.2272186","-11.590729","1.578949"
"66958788","1.134964","-10.495605","0.6009674"
"66958989","-0.020889282","-6.905258","-1.8343506"
"66959190","1.4200897","-8.85611","-2.63237"
"66959392","1.0517883","-12.15947","-2.912323"
"66959593","2.8523254","-8.983368","0.07783508"
"66959795","2.9510803","-9.138733","-0.24255371"
"66959996","2.4583282","-9.239471","1.2865295"
"66960198","2.7423248","-9.045364","1.6863403"
"66960399","2.1402588","-9.265747","1.8330078"
"66960600","1.7387695","-9.371017","1.9523773"
"66960802","1.553482","-9.555725","-0.3189392"
"66961003","1.2671814","-9.36792","-0.68115234"
"66961205","1.6275177","-10.320908","-2.1430664"
"66961406","2.1274414","-8.617294","-1.0925751"
"66961607","1.4001923","-9.1082","-3.4964294"
"66961809","2.993042","-9.527908","-1.822586"
"66962010","1.271225","-8.99382","-0.8534851"
"66962212","1.590683","-9.670715","0.8577881"
"66962413","1.462738","-9.495819","1.3237305"
"66962615","1.5670013","-9.433136","1.1072235"
"66962816","1.6359406","-9.8046875","-0.13934326"
"66963017","1.3196411","-9.805084","-1.4011536"
"66963219","-0.23071289","-8.900772","-2.502533"
"66963420","2.53154","-9.693176","-1.0521545"
"66963622","2.8346863","-9.003952","0.5581207"
"66963823","2.9739075","-9.368332","-0.7049408"
"66964024","2.8314056","-10.454666","-1.0134735"
"66964226","1.8821259","-8.371735","0.49594116"
"66964427","0.5674591","-9.9214325","-2.877533"
"66964629","0.16537476","-9.278717","1.1105499"
"66964830","3.016983","-9.5829315","-0.32591248"
"66965031","2.729538","-8.950577","1.0711212"
"66965233","2.3466492","-9.163025","1.8405151"
"66965434","2.4308777","-9.230316","1.4168396"
"66965636","2.3724823","-9.192963","1.3578644"
"66965837","2.4229584","-9.166885","1.382019"
"66966039","2.3573303","-9.265442","1.3074646"
"66966240","2.1707764","-9.1497345","0.87101746"
"66966441","3.158615","-9.246826","-0.9016876"
"66966643","4.1571655","-10.457474","-2.7885132"
"66966844","-0.8461304","-5.8867188","-1.0625763"
"66967046","6.9879456","-11.049469","-0.15544128"
"66967247","3.1714325","-6.1904297","-4.283371"
"66967448","2.1140747","-10.658417","-4.739609"
"66967650","2.9131012","-5.715042","2.910736"
"66967851","7.6246033","-9.7348175","-4.9229584"
"66968053","3.4167175","-11.845947","1.0449524"
"66968254","-1.9757538","-2.5489197","1.1572113"
"66968456","7.054657","-13.879074","5.476059"
"66968657","3.649704","-5.395096","-3.1899261"
"66968858","-0.56744385","-11.944336","-1.7710114"
"66969060","3.5141296","-5.5361023","1.2657471"
"66969261","5.168228","-10.323257","0.31074524"
"66969463","6.0512085","-8.8484955","-3.2602386"
"66969664","-0.5025635","-3.9861145","-1.3203888"
"66969865","5.8230286","-12.670273","2.0826416"
"66970067","5.978882","-5.1840515","-5.2174225"
"66970268","3.8184052","-12.448166","1.0778046"
"66970470","-0.5354614","-3.920868","3.8253937"
"66970671","6.906204","-14.094971","0.18251038"
"66970873","4.0535583","-7.671524","-2.43602"
"66971074","-0.43426514","-6.347992","0.9998474"
"66971275","5.237549","-10.74588","-2.119812"
"66971477","3.7914734","-7.0281067","-3.6701813"
"66971678","1.1260986","-11.914307","-0.3167572"
"66971880","2.3719635","-5.4419556","-0.017410278"
"66972081","3.9458618","-8.345566","0.5858002"
"66972282","6.345581","-8.310654","-3.065445"
"66972484","-0.67878723","-4.921234","-1.0999298"
"66972685","6.7411804","-14.5251465","0.024505615"
"66972887","7.3324127","-5.495224","-5.653488"
"66973088","4.730057","-14.302185","1.5818481"
"66973290","-0.5882416","-2.9905853","-2.689087"
"66973491","7.408951","-15.569092","-1.1141968"
"66973692","7.475998","-7.6100616","-3.1363525"
"66973894","0.9091644","-7.902939","-0.05722046"
"66974095","5.314804","-8.888367","7.0830994"
"66974297","6.933075","-6.3230743","-4.0926056"
"66974498","2.7465668","-12.811508","2.9335938"
"66974699","0.63842773","-5.898468","1.9077911"
"66974901","7.4604645","-11.035263","-8.733444"
"66975102","5.5086823","-10.629501","6.2373505"
"66975304","-2.2256927","-7.490555","1.3346252"
"66975505","5.3732605","-14.294556","-1.576294"
"66975707","3.6672668","-8.090149","-0.62246704"
"66975908","-1.6549377","-5.851639","-0.8433533"
"66976109","3.8505096","-10.358887","3.6367035"
"66976311","6.113205","-4.906891","-5.6335297"
"66976512","1.9767761","-9.910629","1.7568817"
"66976714","2.782669","-7.882065","0.5724945"
"66976915","2.3371582","-9.365326","3.4524536"
"66977116","3.7240753","-8.250763","1.2811279"
"66977318","1.22258","-10.553665","-0.5817261"
"66977519","1.1929016","-8.255814","-0.21092224"
"66977721","2.9833984","-9.875626","0.3551178"
"66977922","2.0368195","-9.419144","0.86561584"
"66978124","1.5379639","-9.284515","1.7221222"
"66978325","1.2855225","-9.379852","1.8213501"
"66978526","1.5065613","-9.331863","1.6760712"
"66978728","1.2976074","-9.375763","1.7201233"
"66978929","1.2489471","-9.361191","1.7445984"
"66979131","1.2364502","-9.372574","1.6835785"
"66979332","1.3073883","-9.39267","1.6439972"
"66979533","1.3404236","-9.383057","1.7023468"
"66979735","1.3693542","-9.363144","1.6757202"
"66979936","1.3860474","-9.353439","1.6407166"
"66980138","1.3613129","-9.359711","1.7319794"
"66980339","1.439682","-9.359894","1.7032013"
"66980541","1.4071045","-9.3576355","1.6587524"
"66980742","1.3772278","-9.360352","1.7167816"
"66980943","1.3417969","-9.381012","1.6781311"
"66981145","1.319107","-9.364029","1.7209167"
"66981346","1.3050842","-9.370651","1.736145"
"66981548","1.3479156","-9.376434","1.6792603"
"66981749","1.3955231","-9.363968","1.5875397"
"66981950","1.3801727","-9.372589","1.6246796"
"66982152","1.4449463","-9.352097","1.5547943"
"66982353","1.4352722","-9.364227","1.6002502"
"66982555","1.4553986","-9.367691","1.579895"
"66982756","1.4788055","-9.334625","1.5444336"
"66982958","1.3824921","-9.370132","1.5900726"
"66983159","1.3943939","-9.365692","1.6669006"
"66983360","1.4884491","-9.351959","1.6949158"
"66983562","1.394043","-9.360443","1.6785278"
"66983763","1.4277649","-9.350861","1.6531525"
"66983965","1.2648621","-9.365952","1.723999"
"66984166","1.2216797","-9.375977","1.7327576"
"66984367","1.2212067","-9.385376","1.6915131"
"66984569","1.3816681","-9.362595","1.6645966"
"66984770","1.1999664","-9.38916","1.7115326"
"66984972","1.1318665","-9.399963","1.7433167"
"66985173","1.39534","-9.340866","1.692337"
"66985375","1.2695618","-9.369995","1.7184753"
"66985576","1.3513641","-9.674942","1.3215942"
"66985777","1.0830688","-8.862442","2.1010437"
"66985979","1.7577362","-9.599274","1.148941"
"66986180","1.2653198","-9.416794","1.5993805"
"66986382","1.0880737","-9.549057","1.3415222"
"66986583","0.9335785","-10.851898","-0.9662628"
"66986784","1.1215668","-7.9994965","-1.6320038"
"66986986","0.24897766","-8.703918","-4.645294"
"66987187","2.6675873","-10.147919","0.0045318604"
"66987389","3.2693634","-8.915558","0.23777771"
"66987590","1.8102264","-9.579529","1.2077179"
"66987792","5.4572754","-11.113144","-0.07118225"
"66987993","1.8308105","-11.199234","3.0795898"
"66988194","0.27764893","-6.452606","-0.4908905"
"66988396","2.6779175","-11.503265","-3.2804718"
"66988597","2.019104","-9.071655","2.3456726"
"66988799","2.1913452","-8.690079","0.760849"
"66989000","5.796158","-11.73111","-0.43811035"
"66989201","0.7343445","-11.977585","2.5017548"
"66989403","1.6462555","-5.99559","-2.9115143"
"66989604","1.1578064","-10.415649","0.7837982"
"66989806","3.199829","-9.578293","1.3168793"
"66990007","3.7874756","-9.369614","0.13735962"
"66990208","4.2627106","-12.922928","-1.361618"
"66990410","0.13308716","-8.103149","2.2519531"
"66990611","3.101181","-8.0173645","-4.278778"
"66990813","1.5323181","-11.175735","0.8783722"
"66991014","2.6448517","-8.107697","1.9692383"
"66991216","4.1054077","-10.80127","-0.54151917"
"66991417","6.366577","-12.669403","2.3305511"
"66991618","0.79333496","-8.103363","3.8923187"
"66991820","-1.3365784","-11.162964","0.51335144"
"66992021","5.0300903","-9.122681","2.2009888"
"66992223","0.95777893","-9.581818","2.061203"
"66992424","2.4909515","-9.418076","2.260971"
"66992625","3.020111","-12.373215","0.3535614"
"66992827","1.1568146","-9.009506","1.3297882"
"66993028","1.9584961","-6.7461853","-3.996994"
"66993230","1.5966644","-10.20018","-3.4118042"
"66993431","3.6517944","-8.863358","2.0727234"
"66993633","3.2222595","-8.527908","1.428009"
"66993834","5.1844025","-11.496262","-0.73043823"
"66994035","0.82432556","-11.950195","1.5573578"
"66994237","0.8939209","-5.5852203","-0.9750061"
"66994438","2.6596527","-10.851044","-3.7422333"
"66994640","2.9756317","-9.056717","1.5845642"
"66994841","3.3786774","-9.065353","0.5330963"
"66995042","5.45076","-11.41423","-0.14157104"
"66995244","1.9407196","-10.893631","2.3276672"
"66995445","1.0277252","-6.9055176","-2.706726"
"66995647","1.6326447","-10.634293","1.7036285"
"66995848","2.8479614","-9.161392","1.5470581"
"66996050","3.224228","-9.323914","1.0213013"
"66996251","3.3401947","-12.780762","-0.89378357"
"66996452","-1.1645355","-8.694412","2.9121552"
"66996654","1.9015656","-10.435684","-0.12362671"
"66996855","3.2914734","-9.50592","2.6018982"
"66997057","3.7033997","-8.927231","1.4728851"
"66997258","2.48703","-8.848953","1.7698364"
"66997459","1.5280609","-9.565079","1.5005646"
"66997661","1.2130127","-9.425949","1.3127136"
"66997862","1.0984497","-9.506424","1.4453888"
"66998064","1.3319855","-9.391724","1.4529266"
"66998265","1.124466","-9.441208","1.4328156"
"66998467","1.1772614","-9.420578","1.4231567"
"66998668","1.1409302","-9.439255","1.4565125"
"66998869","1.1298676","-9.431854","1.3642731"
"66999071","1.0541992","-9.463028","1.4091187"
"66999272","1.1770477","-9.468567","1.3987579"
"66999474","1.238678","-9.478012","1.3584595"
"66999675","1.1687317","-9.397186","1.6483154"
"66999876","1.4893341","-9.41832","1.0080109"
"67000078","1.2375488","-9.48082","1.1423035"
"67000279","1.5515289","-9.398987","1.3283539"
"67000481","1.3972778","-9.401077","1.3744202"
"67000682","1.5118561","-9.42009","1.2869415"
"67000884","1.4866486","-9.392883","1.4797363"
"67001085","1.4208374","-9.391296","1.5036926"
"67001286","1.4753113","-9.382996","1.3964539"
"67001488","1.4745941","-9.406265","1.4762268"
"67001689","1.3705444","-9.400375","1.5336761"
"67001891","1.4490662","-9.416931","1.4086304"
"67002092","1.3969269","-9.409332","1.5824585"
"67002293","1.2073975","-9.336441","1.5506592"
"67002495","2.2955017","-9.385971","0.18862915"
"67002696","1.7806244","-9.426117","0.4621277"
"67002898","1.770401","-9.4423065","0.78131104"
"67003099","1.5856171","-9.40007","1.078064"
"67003301","1.7092743","-9.41011","1.0303345"
"67003502","1.643219","-9.436325","1.0080414"
"67003703","1.7526093","-9.423965","0.9110718"
"67003905","1.7660828","-9.333786","1.1346588"
"67004106","1.5535126","-9.399048","1.2778473"
"67004308","1.5168152","-9.436813","1.2218628"
"67004509","1.5856628","-9.37175","1.2782593"
"67004710","1.5556335","-9.377762","1.2768707"
"67004912","1.6368408","-9.3923645","1.2437134"
"67005113","1.5686493","-9.387207","1.233017"
"67005315","1.4986267","-9.419113","1.2437439"
"67005516","1.599762","-9.387863","1.2525787"
"67005718","1.5863342","-9.399506","1.3111115"
"67005919","1.5702667","-9.390732","1.3081665"
"67006120","1.6517487","-9.37677","1.2415619"
"67006322","1.8161774","-9.380997","1.1193848"
"67006523","2.496872","-9.178696","0.019058228"
"67006725","2.4734497","-8.485031","-1.1525879"
"67006926","3.415512","-14.177689","-0.4048767"
"67007127","0.7755585","0.47460938","-0.77293396"
"67007329","4.73999","-16.652039","-0.40156555"
"67007530","4.4651794","-5.1386566","-1.0153046"
"67007732","2.0404816","-5.916092","1.9369049"
"67007933","3.4893036","-9.649887","-1.4546204"
"67008135","1.1565247","-2.1323395","0.15084839"
"67008336","5.2412567","-17.386246","0.94052124"
"67008537","2.605484","-1.2438507","-2.453888"
"67008739","3.2722168","-10.590271","-4.820648"
"67008940","1.1748047","-5.0307617","-0.6971283"
"67009142","1.9899292","-6.2000275","-1.5492096"
"67009343","3.7017822","-14.907211","-1.1355591"
"67009544","1.4973755","1.3560944","-1.5795898"
"67009746","3.8650055","-13.634048","-3.4844666"
"67009947","1.7765656","0.09794617","-1.7570953"
"67010149","2.802765","-11.61171","-0.653656"
"67010350","2.2486877","-9.141113","0.6728668"
"67010552","1.5868378","-0.7805481","-0.43902588"
"67010753","2.726242","-14.214462","-3.378296"
"67010954","-0.25949097","0.83343506","-1.4340515"
"67011156","6.5484314","-15.776794","-6.7282715"
"67011357","1.8458099","-3.8768616","-1.9406891"
"67011559","1.8140564","-5.1789703","-6.463455"
"67011760","2.8152618","-8.893829","-3.078308"
"67011961","0.35975647","-1.418396","-2.4568176"
"67012163","5.0603943","-15.671738","-1.1335144"
"67012364","1.4109039","1.6060486","-1.365387"
"67012566","3.5271149","-12.99379","2.0171356"
"67012767","1.9228973","-2.187027","-0.9204712"
"67012969","3.4088745","-6.5376434","-6.0438385"
"67013170","5.042343","-9.740402","-0.1375885"
"67013371","0.87524414","0.6780243","0.6472168"
"67013573","4.7403564","-14.146317","0.39335632"
"67013774","1.1427765","1.0557861","-2.2358704"
"67013976","4.6255493","-14.328491","2.5675201"
"67014177","1.173172","-2.2479858","-1.5010529"
"67014378","6.2847443","-8.198364","1.376236"
"67014580","2.4561768","-5.0342865","-1.2557526"
"67014781","0.76319885","-4.6529236","3.302124"
"67014983","6.022232","-13.103058","-0.43852234"
"67015184","1.2451019","1.2115326","-1.8683624"
"67015386","5.2207947","-15.210678","-7.744339"
"67015587","1.0595856","1.0841827","-1.1834106"
"67015788","5.7788544","-12.283997","-1.2514496"
"67015990","0.8972168","-4.860214","-1.4593353"
"67016191","4.2496033","-3.059616","0.2719574"
"67016393","1.2458038","-6.6767426","-0.6611328"
"67016594","5.2740326","-7.8018036","-0.17817688"
"67016795","0.89956665","-8.496643","-0.92189026"
"67016997","1.3651733","-10.1622925","0.8587036"
"67017198","1.2584381","-9.399765","1.6211395"
"67017400","1.2855072","-9.3832855","1.6278229"
"67017601","1.3250275","-9.371597","1.661026"
"67017803","1.3352203","-9.397705","1.606308"
"67018004","1.0999298","-9.393631","1.6676025"
"67018205","1.3304138","-9.382462","1.4737701"
"67018407","1.4247284","-9.377945","1.5075531"
"67018608","1.6351166","-9.32515","1.4202881"
"67018810","1.3195496","-9.431549","1.431961"
"67019011","1.3841248","-9.384674","1.5438538"
"67019212","1.734848","-9.336945","1.4470367"
"67019414","1.4768372","-9.362579","1.3820953"
"67019615","1.3720703","-9.4019165","1.4250793"
"67019817","1.7357941","-9.279633","1.5606384"
"67020018","1.4998932","-9.343124","1.8860931"
"67020219","1.2607422","-9.366867","1.8532257"
"67020421","1.1996918","-9.194992","1.967102"
"67020622","1.4796143","-9.50209","1.4950867"
"67020824","1.3738861","-9.43042","1.2566833"
"67021025","1.487442","-9.474243","0.8844452"
"67021227","0.9859314","-9.543686","0.74942017"
"67021428","0.955307","-9.652115","0.4526825"
"67021629","1.8484039","-9.394348","-0.199646"
"67021831","1.5836792","-9.478394","-0.024551392"
"67022032","1.5043945","-9.500504","0.0026397705"
"67022234","1.4624329","-9.5303955","0.2763672"
"67022435","1.6405487","-9.385117","0.8387604"
"67022636","1.6539917","-9.473267","0.8027954"
"67022838","2.1892395","-9.281036","1.1220856"
"67023039","2.043686","-9.26712","1.4533844"
"67023241","2.0351715","-9.246567","1.6904602"
"67023442","2.156021","-9.149277","1.8474884"
"67023644","2.2156982","-9.123367","1.9305267"
"67023845","2.2976532","-9.126587","1.8974762"
"67024046","2.35997","-9.088852","1.9408569"
"67024248","2.2292938","-9.129471","2.039154"
"67024449","2.0737152","-9.145111","2.1092682"
"67024651","2.0405579","-9.166901","1.880188"
"67024852","1.9766235","-9.168854","1.9344025"
"67025053","1.9140472","-9.203308","2.0451202"
"67025255","1.9118805","-9.155762","2.0452423"
"67025456","1.6719971","-9.271545","1.8961945"
"67025658","1.9104767","-9.198502","1.8617859"
"67025859","1.9318542","-9.224045","1.856842"
"67026061","1.8646088","-9.213638","1.8389893"
"67026262","1.7340698","-9.288452","1.8775635"
"67026463","1.973999","-9.566071","1.7892151"
"67026665","3.5049133","-9.425415","-2.5677338"
"67026866","3.992157","-6.2019043","-5.850754"
"67027068","0.68400574","-5.719864","-2.802765"
"67027269","7.254822","-11.658737","3.1242676"
"67027470","10.633682","-7.373871","-4.799286"
"67027672","6.3538666","-14.288788","3.606186"
"67027873","-4.12883","-1.0014343","3.6907654"
"67028075","10.928436","-14.75914","-0.80233765"
"67028276","10.637726","-5.2403107","-1.518158"
"67028478","1.6020203","-7.46196","3.5271606"
"67028679","5.7077637","-8.925049","2.9945984"
"67028880","9.751511","-6.251953","-2.3462067"
"67029082","10.797455","-11.449249","-2.2664642"
"67029283","-1.7613373","-0.03616333","0.017944336"
"67029485","5.2420654","-17.3638","-1.5917206"
"67029686","9.753311","-2.0175629","-5.140671"
"67029887","0.32237244","-9.972946","3.605606"
"67030089","3.0542755","-6.38414","1.5977173"
"67030290","7.9973145","-8.568024","-4.5778046"
"67030492","7.1883545","-10.073898","6.7188873"
"67030693","1.4885101","-6.376297","-2.0812073"
"67030895","6.988495","-12.238617","-0.7408142"
"67031096","1.7316437","-8.156342","0.9944153"
"67031297","3.904007","-11.405273","2.6434174"
"67031499","12.936279","-13.792328","0.77641296"
"67031700","0.041748047","-6.8817596","6.7643585"
"67031902","2.7891235","-11.023743","5.5162506"
"67032103","12.443558","-5.284088","-3.9929352"
"67032304","7.594223","-13.715469","0.34614563"
"67032506","-5.9805145","-0.973999","4.083664"
"67032707","7.169113","-15.988953","3.8441467"
"67032909","12.901779","-2.5742493","-1.8868256"
"67033110","-1.2507782","-7.943451","0.44882202"
"67033312","3.5835419","-10.541718","1.0171204"
"67033513","11.249191","-3.9705353","-5.8166504"
"67033714","7.925583","-12.8137665","-1.5132599"
"67033916","-2.0574188","-1.5601196","3.5952759"
"67034117","7.575943","-16.663864","-1.272171"
"67034319","11.752396","-5.069351","-4.983841"
"67034520","-0.28268433","-7.788849","1.055954"
"67034721","3.82016","-7.697113","5.0435486"
"67034923","3.5230255","-8.695068","1.3092194"
"67035124","5.128311","-10.235168","-5.542282"
"67035326","1.8680878","-6.3436584","-2.080597"
"67035527","9.067825","-9.430557","1.0132904"
"67035729","7.4579926","-8.314117","1.4365082"
"67035930","5.2864075","-8.6132965","-0.5982971"
"67036131","0.91444397","-10.100449","1.6835785"
"67036333","2.099945","-9.043762","-0.71751404"
"67036534","4.258423","-8.933807","0.42385864"
"67036736","3.4208221","-8.784714","1.6984863"
"67036937","2.3468018","-8.976166","2.6164093"
"67037138","2.3070679","-9.323608","1.7444458"
"67037340","3.2904968","-9.679626","-0.506546"
"67037541","2.8919373","-7.98732","0.48013306"
"67037743","3.1308289","-9.615814","-0.6630249"
"67037944","1.7182465","-9.592239","0.74427795"
"67038146","1.5905304","-9.354538","1.2030334"
"67038347","1.4779205","-9.676758","1.1118927"
"67038548","1.9232025","-9.262802","1.3648376"
"67038750","2.251892","-9.218948","1.370285"
"67038951","2.5399628","-9.1875305","1.1205902"
"67039153","2.5805206","-9.195709","0.34020996"
"67039354","2.6666107","-9.231461","0.12081909"
"67039555","2.7595978","-9.318924","-0.78775024"
"67039757","3.6712646","-8.767212","-1.2098694"
"67039958","3.3099518","-8.894699","-0.969223"
"67040160","3.2968292","-8.951004","-0.8832855"
"67040361","2.952423","-9.100388","-0.8622589"
"67040563","2.9477386","-9.072464","-0.73153687"
"67040764","2.9712372","-9.116013","-0.6675415"
"67040965","2.9178162","-9.134827","-0.59916687"
"67041167","2.8748627","-9.14035","-0.487854"
"67041368","2.9302979","-9.160141","-0.49734497"
"67041570","2.8558044","-9.150314","-0.4658203"
"67041771","2.8405914","-9.135345","-0.49024963"
"67041972","2.8703613","-9.164551","-0.4795227"
"67042174","2.8096008","-9.168655","-0.52664185"
"67042375","2.8934326","-9.132355","-0.5238342"
"67042577","2.937317","-9.100464","-0.5505829"
"67042778","2.9923553","-9.072449","-0.58714294"
"67042979","2.7099762","-9.219711","-0.49493408"
"67043181","2.7518158","-9.182312","-0.5162201"
"67043382","2.7730103","-9.196823","-0.35777283"
"67043584","2.6549988","-9.225296","-0.3350067"
"67043785","2.5464325","-9.25882","-0.57089233"
"67043987","2.6280975","-9.238678","-0.53071594"
"67044188","2.7586365","-9.190506","-0.45812988"
"67044389","2.7978516","-9.175461","-0.546051"
"67044591","2.7514343","-9.185577","-0.62008667"
"67044792","2.7703857","-9.200378","-0.59931946"
"67044994","2.9459534","-9.097641","-0.5999603"
"67045195","2.8221436","-9.158783","-0.59513855"
"67045396","2.8615875","-9.167175","-0.61120605"
"67045598","2.8064423","-9.157364","-0.69337463"
"67045799","2.8636932","-9.155151","-0.66444397"
"67046001","2.9040985","-9.100891","-0.7484436"
"67046202","2.8324432","-9.161652","-0.7145996"
"67046404","2.8599854","-9.134628","-0.59936523"
"67046605","2.9159546","-9.302658","-1.0167236"
"67046806","2.7804565","-9.85881","-2.6373596"
"67047008","1.7754517","-8.54155","-2.3569794"
"67047209","3.2957","-7.0974884","-3.1320496"
"67047411","5.43898","-9.028107","-4.9391937"
"67047612","0.9360657","-9.163986","2.8162384"
"67047813","4.4726105","-8.433655","2.4311523"
"67048015","3.102417","-9.571701","1.2641144"
"67048216","5.0885773","-11.827057","1.0102081"
"67048418","1.1632385","-9.583328","0.97779846"
"67048619","5.237198","-7.10791","-3.678894"
"67048821","1.9575958","-10.570175","2.151062"
"67049022","2.971634","-8.353348","2.4267273"
"67049223","5.036865","-9.729584","1.1740265"
"67049425","5.1542816","-12.916443","0.95539856"
"67049626","-0.24241638","-7.180176","1.7956085"
"67049828","4.8827515","-8.336777","-4.4839478"
"67050029","4.101181","-10.248947","2.5256042"
"67050230","2.9917145","-7.6190033","1.4680939"
"67050432","5.9298706","-11.01619","0.32221985"
"67050633","2.1477203","-12.826447","1.3111267"
"67050835","0.9696808","-5.2721863","0.459198"
"67051036","6.1743927","-10.526382","-6.056137"
"67051238","1.6000671","-9.638504","1.4424591"
"67051439","3.7099304","-8.329697","0.9813385"
"67051640","3.2599182","-8.658386","1.4795074"
"67051842","-0.0011138916","-11.159119","-2.0617676"
"67052043","3.5046234","-9.160141","-0.07846069"
"67052245","7.9575043","-4.8342285","-4.195938"
"67052446","2.9059143","-7.800171","-3.4802246"
"67052647","3.9735107","-10.309494","3.3709717"
"67052849","3.0845184","-8.14772","1.9036102"
"67053050","4.726898","-10.686035","0.44387817"
"67053252","3.9037933","-13.446548","1.8943787"
"67053453","-0.35543823","-6.2617188","1.8565521"
"67053655","6.2836","-8.807571","-5.9377136"
"67053856","1.910492","-10.227905","3.3594055"
"67054057","2.6588135","-7.7300873","1.64151"
"67054259","6.162155","-10.693832","0.317276"
"67054460","2.2446594","-12.95195","0.31098938"
"67054662","0.58561707","-5.3113403","0.23562622"
"67054863","4.552185","-10.403595","-4.519333"
"67055064","1.5719757","-8.971878","4.1407776"
"67055266","3.1336823","-8.035416","0.93426514"
"67055467","6.468109","-11.462631","0.80010986"
"67055669","1.2869263","-11.060333","1.7690125"
"67055870","2.6789856","-6.805771","-2.3945618"
"67056072","2.4442139","-9.754562","0.3227539"
"67056273","2.885376","-9.427017","2.100006"
"67056474","3.0974274","-8.585739","2.0194244"
"67056676","-0.92977905","-10.402878","0.88475037"
"67056877","-1.019577","-10.467972","0.14025879"
"67057079","1.9086761","-7.605957","-0.5722046"
"67057280","4.2107697","-10.0448","0.98321533"
"67057481","2.3688202","-9.303192","1.7804413"
"67057683","1.8313904","-9.276459","1.7346191"
"67057884","1.4295807","-9.414383","1.5112762"
"67058086","1.2922974","-9.036606","1.9759521"
"67058287","2.2605133","-9.464935","1.5387268"
"67058489","1.2090454","-9.407303","1.4817657"
"67058690","1.6492767","-9.294601","1.6188354"
"67058891","1.515564","-9.37291","1.6714172"
"67059093","1.5335693","-9.34404","1.5995789"
"67059294","1.5006866","-9.335556","1.7003479"
"67059496","1.3379364","-9.39299","1.6798401"
"67059697","1.4976959","-9.3510895","1.6121674"
"67059898","1.46138","-9.334793","1.5992432"
"67060100","1.4220276","-9.350189","1.5748138"
"67060301","1.5034332","-9.359955","1.574173"
"67060503","1.5075989","-9.375961","1.5834045"
"67060704","1.573288","-9.345337","1.5628662"
"67060906","1.5379028","-9.345444","1.5703583"
"67061107","1.4606934","-9.375732","1.5294647"
"67061308","1.499649","-9.354538","1.537735"
"67061510","1.462677","-9.342758","1.6180878"
"67061711","1.4388275","-9.372314","1.5934296"
"67061913","1.4862671","-9.363815","1.62117"
"67062114","1.4496918","-9.354431","1.6151733"
"67062315","1.3896637","-9.397415","1.6155853"
"67062517","1.3154907","-9.365829","1.7373047"
"67062718","1.2050018","-9.387817","1.7129822"
"67062920","1.2968445","-9.381546","1.6330261"
"67063121","1.4487457","-9.358261","1.6272125"
"67063323","1.469574","-9.333252","1.763092"
"67063524","1.3304749","-9.375076","1.7013245"
"67063725","1.3266296","-9.386566","1.6723938"
"67063927","1.4189148","-9.347183","1.7527008"
"67064128","1.3214264","-9.3797","1.5812836"
"67064330","1.3695679","-9.351624","1.626358"
"67064531","1.5170746","-9.3207855","1.6581726"
"67064732","1.2616882","-9.379562","1.6489563"
"67064934","1.4158325","-9.370239","1.5892487"
"67065135","1.2085724","-9.445114","1.5791779"
"67065337","1.4632263","-9.349777","1.6094666"
"67065538","1.583435","-9.322769","1.7006989"
"67065740","1.1269226","-9.401123","1.6079407"
"67065941","1.7504578","-9.29982","1.6082306"
"67066142","1.3120575","-9.384354","1.5736237"
"67066344","1.3684387","-9.376602","1.5675964"
"67066545","2.043808","-9.304153","1.0740509"
"67066747","2.6729279","-8.967361","-0.522583"
"67066948","5.307602","-11.519012","0.7541046"
"67067149","2.0913086","-3.7301483","-3.2293854"
"67067351","3.2024994","-6.7082367","1.6825714"
"67067552","1.9691772","-6.305298","-0.011489868"
"67067754","-0.02633667","-5.0101624","1.4071198"
"67067955","4.8036194","-12.917648","1.4185638"
"67068156","1.5443726","2.152237","-0.103881836"
"67068358","6.2301025","-13.572449","-2.1472015"
"67068559","1.4308624","1.6808624","-1.2065277"
"67068761","4.797241","-13.599976","-1.0520935"
"67068962","1.7462921","0.32365417","-1.4172363"
"67069164","1.6718597","-8.194717","-3.805008"
"67069365","2.0989685","-3.6372375","-0.27020264"
"67069566","-1.230133","-5.237503","2.0402985"
"67069768","5.538162","-11.246216","-0.0909729"
"67069969","2.0884094","1.4415588","-1.9420929"
"67070171","7.6146545","-12.144028","-1.117279"
"67070372","-0.25891113","1.4781494","0.23794556"
"67070573","3.6341248","-15.343658","3.6820831"
"67070775","1.9165802","-0.29052734","-1.0856018"
"67070976","6.992218","-7.777176","1.8972626"
"67071178","3.718689","-5.081665","-1.017273"
"67071379","2.7994537","-2.4941406","-2.5700684"
"67071581","5.8113556","-13.374771","-0.29103088"
"67071782","0.6098938","1.7139435","0.8029785"
"67071983","-1.7891846","-12.897186","-3.695465"
"67072185","0.6869354","1.4414215","1.0136719"
"67072386","4.976883","-11.314514","-3.8311005"
"67072588","2.963562","-5.2527924","-0.8474579"
"67072789","-0.76667786","-2.1446838","0.6608429"
"67072990","5.3957367","-12.296692","-5.0418396"
"67073192","-0.13230896","1.7154999","-0.531723"
"67073393","5.5678864","-15.490189","0.5068207"
"67073595","2.6821747","0.768219","-0.9587097"
"67073796","7.041931","-9.102463","-1.2563324"
"67073998","4.004669","-5.138687","-0.2598877"
"67074199","0.54519653","-3.1874847","-3.7691345"
"67074400","6.646225","-11.341995","-1.1936493"
"67074602","0.40834045","1.3034363","0.23022461"
"67074803","0.6476593","-14.404205","-5.366516"
"67075005","1.2842255","2.1608582","0.32662964"
"67075206","4.3323517","-12.436218","1.2239227"
"67075407","1.9382477","-4.84729","-0.8073578"
"67075609","1.9478455","-4.732788","-3.668991"
"67075810","3.6208344","-11.797836","-2.5390472"
"67076012","1.2245026","-0.5554199","0.45973206"
"67076213","2.8778229","-11.828247","1.2611084"
"67076415","3.8310852","-8.369202","0.059783936"
"67076616","1.8315277","-9.143433","1.3760529"
"67076817","1.5367584","-9.390808","1.613739"
"67077019","1.6217804","-9.304672","1.7251587"
"67077220","1.5477905","-9.327148","1.8964081"
"67077422","1.3624725","-9.351578","1.6127777"
"67077623","1.5661316","-9.2765045","1.6660004"
"67077824","1.8496857","-9.265427","1.8243256"
"67078026","1.5337067","-9.314011","1.7057495"
"67078227","1.58461","-9.323334","1.6824646"
"67078429","1.9582367","-9.228546","1.7430878"
"67078630","2.0516052","-9.213104","1.6211853"
"67078832","1.9160614","-9.291229","1.4618835"
"67079033","1.6216736","-9.168121","2.0734406"
"67079234","1.9253693","-9.148743","2.4391022"
"67079436","1.8200378","-9.158493","2.111618"
"67079637","1.6248474","-9.204666","2.011734"
"67079839","1.72052","-9.342133","2.2559204"
"67080040","1.4225311","-9.301956","1.5701294"
"67080241","2.3701935","-9.179504","1.2424316"
"67080443","2.4410553","-8.990555","0.68852234"
"67080644","2.392395","-9.6635895","-0.095825195"
"67080846","3.0738373","-9.012024","-0.70033264"
"67081047","2.6766663","-9.265274","-0.7032318"
"67081249","2.888382","-9.162933","-0.4641571"
"67081450","2.9127808","-9.096176","-0.47148132"
"67081651","2.9605255","-9.105774","-0.49508667"
"67081853","2.853012","-9.158463","-0.5156708"
"67082054","2.8141937","-9.168411","-0.56359863"
"67082256","2.7826385","-9.161697","-0.4280243"
"67082457","2.855545","-9.1595","-0.34324646"
"67082658","2.7643585","-9.199738","-0.32473755"
"67082860","2.8173218","-9.174377","-0.35362244"
"67083061","2.6600342","-9.233948","-0.22602844"
"67083263","2.4950104","-9.29335","0.15652466"
"67083464","2.1648407","-9.390457","0.87524414"
"67083666","2.4760437","-9.120148","0.98017883"
"67083867","1.7486725","-9.361542","1.5766602"
"67084068","2.1167908","-8.99971","1.9357605"
"67084270","2.3783417","-9.124756","1.7936249"
"67084471","2.5512695","-9.045181","1.9623718"
"67084673","2.0693512","-9.141998","2.0377655"
"67084874","2.222046","-9.049088","2.007492"
"67085075","2.222107","-9.149567","2.018509"
"67085277","2.250534","-9.1440735","1.9051361"
"67085478","2.1554413","-9.0720825","2.1358643"
"67085680","2.188675","-9.14476","1.9957123"
"67085881","1.952774","-9.075943","2.0701141"
"67086083","2.241562","-9.086288","2.0482635"
"67086284","2.3255463","-9.054749","2.0662537"
"67086485","2.069748","-9.356491","1.873169"
"67086687","3.635559","-9.272629","-2.2433167"
"67086888","4.892502","-6.6908264","-4.2386017"
"67087090","2.0841217","-2.9820557","-4.0039673"
"67087291","5.154846","-10.658722","0.22621155"
"67087492","12.70961","-11.968948","-0.88342285"
"67087694","7.397293","-10.445847","1.6611176"
"67087895","-2.94635","-2.9914093","2.4562073"
"67088097","4.3517456","-14.76442","6.0582733"
"67088298","11.649643","-1.4934387","-3.9807892"
"67088499","2.6766357","-14.224228","4.8704834"
"67088701","-1.9933624","-2.8977509","4.338684"
"67088902","9.777908","-14.587952","-2.3987122"
"67089104","9.804092","-5.0667877","-1.1252289"
"67089305","0.29273987","-8.693283","0.22077942"
"67089507","4.3543243","-9.84729","-0.8921814"
"67089708","12.23056","-5.757324","-1.6468353"
"67089909","4.089279","-12.817123","2.5033722"
"67090111","0.74464417","-0.7886658","0.23936462"
"67090312","6.5717926","-13.062759","4.02861"
"67090514","6.355438","-7.4859314","2.679016"
"67090715","2.4771118","-11.094528","-1.0120697"
"67090916","-0.09542847","-4.3116302","2.7253723"
"67091118","4.4115906","-15.8168335","1.5926971"
"67091319","11.327911","-6.824539","-2.9227448"
"67091521","3.6424866","-13.281937","5.441086"
"67091722","-0.6076355","-4.830414","6.687149"
"67091924","10.229843","-11.753296","1.4088135"
"67092125","3.8273163","-8.885101","0.43014526"
"67092326","0.38850403","-4.9305573","2.7957764"
"67092528","7.1695557","-9.753967","9.901459"
"67092729","8.436539","-4.7220917","-6.739273"
"67092931","8.246155","-12.819092","-1.1799469"
"67093132","-2.3033905","-1.6844788","-2.1918182"
"67093334","5.5120697","-15.9813385","3.812622"
"67093535","8.611481","-3.2202606","-0.8751221"
"67093736","-1.2392578","-9.631058","6.509384"
"67093938","2.922699","-7.760193","0.49954224"
"67094139","9.957809","-7.5982513","-3.2664948"
"67094341","6.9098816","-11.822739","-2.0599365"
"67094542","0.4184265","-2.3471985","4.934677"
"67094743","2.9355164","-14.527588","7.1884766"
"67094945","6.9265594","-3.7779388","-7.8016815"
"67095146","1.4779358","-12.162201","-0.48039246"
"67095348","5.193161","-8.8537445","-0.6647644"
"67095549","3.3811798","-8.759979","1.2756195"
"67095751","5.2135468","-9.532303","1.2494202"
"67095952","3.1563416","-7.889145","-0.40098572"
"67096153","3.940155","-9.27684","0.2984619"
"67096355","2.6379242","-9.06134","1.8814697"
"67096556","3.2041168","-9.036514","1.3772736"
"67096758","1.0713043","-9.341354","1.7814789"
"67096959","1.7042694","-9.27243","1.6170807"
"67097160","1.8352051","-9.27803","1.5971527"
"67097362","1.8514099","-9.283966","1.6136627"
"67097563","1.4979706","-9.326675","1.8230591"
"67097765","1.5066376","-9.332947","1.7726593"
"67097966","1.3526459","-9.377213","1.7132874"
"67098167","1.3365936","-9.391281","1.6817017"
"67098369","1.5400238","-9.247894","1.9252014"
"67098570","1.3188934","-9.347336","1.965805"
"67098772","1.0472565","-9.378113","1.7872925"
"67098973","1.4272766","-9.323303","1.6518402"
"67099175","0.91337585","-9.438095","1.7268982"
"67099376","1.5327454","-9.282288","1.8836975"
"67099577","0.9978943","-9.348663","1.8009033"
"67099779","1.1480865","-9.379196","1.7075958"
"67099980","1.2132416","-9.366531","1.7212219"
"67100182","1.2389069","-9.3875885","1.7039032"
"67100383","1.0707092","-9.3680725","1.839859"
"67100584","1.232254","-9.366211","1.7895966"
"67100786","0.8768921","-9.436966","1.7567291"
"67100987","1.2292023","-9.380356","1.6742706"
"67101189","1.3762817","-9.385574","1.5500183"
"67101390","1.2858582","-9.401215","1.6296692"
"67101592","1.4268951","-9.380417","1.5675659"
"67101793","1.5856171","-9.309143","1.5401764"
"67101994","1.3141174","-9.397842","1.5679016"
"67102196","1.5107727","-9.326187","1.4908905"
"67102397","1.1598358","-9.410049","1.565567"
"67102599","1.1384277","-9.411514","1.6222534"
"67102800","1.2616577","-9.38179","1.5690308"
"67103001","1.1129303","-9.422592","1.6002045"
"67103203","1.1874084","-9.397995","1.588974"
"67103404","1.2903442","-9.402023","1.5491943"
"67103606","1.1860657","-9.425735","1.5779266"
"67103807","1.3248291","-9.38504","1.6141663"
"67104009","1.2497406","-9.383774","1.6679993"
"67104210","1.1293945","-9.424988","1.6077576"
"67104411","1.1575317","-9.362579","1.7821655"
"67104613","1.1263428","-9.379395","1.7168884"
"67104814","1.0930481","-9.389618","1.8287964"
"67105016","1.069397","-9.392136","1.8286285"
"67105217","1.0166016","-9.386795","1.8405609"
"67105418","1.0386963","-9.391159","1.7306519"
"67105620","1.0980072","-9.428329","1.7747345"
"67105821","1.2154846","-9.364731","1.6817322"
"67106023","1.0562744","-9.4375","1.6119232"
"67106224","3.6344452","-9.423355","-0.35144043"
"67106426","4.9496155","-9.905594","-1.3779602"
"67106627","3.8220978","-4.9763336","-2.5596313"
"67106828","6.054184","-8.157303","-5.3342285"
"67107030","2.070404","-9.74176","0.5609741"
"67107231","2.6414185","-8.296112","1.2375793"
"67107433","3.7713318","-10.268387","1.6701965"
"67107634","5.200485","-11.386414","0.79403687"
"67107835","0.3939209","-8.702515","1.9243469"
"67108037","5.4080505","-7.792755","-5.504822"
"67108238","-0.1350708","-10.512726","0.16468811"
"67108440","2.5669098","-7.627075","1.4531708"
"67108641","6.263626","-11.105698","0.1580658"
"67108843","1.1105347","-13.707764","2.8083038"
"67109044","0.15779114","-4.139496","0.7509155"
"67109245","2.6501923","-11.151825","-5.729553"
"67109447","1.8926849","-8.944397","2.50589"
"67109648","3.8703156","-9.107132","0.7621765"
"67109850","4.366333","-13.026871","1.1153412"
"67110051","-0.2558899","-8.634766","1.8859253"
"67110252","5.6513824","-7.9637756","-5.366745"
"67110454","0.11424255","-10.655701","2.0575256"
"67110655","2.2434998","-7.982849","1.2911224"
"67110857","5.9997406","-10.987167","-0.10379028"
"67111058","0.6856079","-12.657379","2.875183"
"67111260","0.74664307","-6.5947723","0.053207397"
"67111461","3.1605988","-11.504181","-0.18745422"
"67111662","2.1104736","-9.311768","2.2854462"
"67111864","3.925476","-9.357056","0.7871094"
"67112065","5.2289124","-13.037659","0.62164307"
"67112267","0.18972778","-7.426483","2.1273804"
"67112468","3.5933075","-8.020416","-5.210205"
"67112669","6.4272766","-10.857605","4.4036407"
"67112871","-0.5202942","-9.131638","1.7060852"
"67113072","0.1934967","-9.438889","2.0615387"
"67113274","5.27684","-10.088074","0.5913086"
"67113475","3.3856964","-11.77533","2.321869"
"67113677","-0.11882019","-7.027466","-0.41297913"
"67113878","4.0422363","-9.874588","-0.90130615"
"67114079","2.9620514","-9.5159","2.103485"
"67114281","3.1737213","-8.934525","0.90026855"
"67114482","4.1465454","-11.984299","0.22505188"
"67114684","0.6717377","-9.230179","2.431961"
"67114885","4.724045","-8.468063","-2.2493134"
"67115086","0.47462463","-9.777771","3.4336853"
"67115288","1.7788239","-8.325775","1.9208374"
"67115489","5.254471","-10.329376","0.11656189"
"67115691","2.3630219","-13.046951","1.2116394"
"67115892","-1.4863739","-6.05336","2.3926392"
"67116093","4.739853","-10.65303","-5.2143707"
"67116295","1.2028351","-9.882584","3.030243"
"67116496","2.5076294","-7.975586","1.0356598"
"67116698","4.936035","-10.844025","-0.28778076"
"67116899","0.07002258","-12.604004","1.5780487"
"67117101","2.445877","-7.5547943","-2.3050385"
"67117302","0.6021881","-11.0021515","1.2003021"
"67117503","2.9566956","-9.199783","0.853302"
"67117705","1.6934052","-9.333679","1.2405548"
"67117906","1.2801056","-9.360596","1.2387238"
"67118108","0.9112854","-9.502365","1.1710052"
"67118309","1.3191986","-9.424789","1.2859192"
"67118510","1.326355","-9.384491","1.4091187"
"67118712","1.0791016","-9.464676","1.4964142"
"67118913","0.9849701","-9.455444","1.5337372"
"67119115","1.0894775","-9.429459","1.4657593"
"67119316","1.0943756","-9.436417","1.5458527"
"67119518","1.0730133","-9.436554","1.5676117"
"67119719","1.1265717","-9.41507","1.6177368"
"67119920","1.0138702","-9.420898","1.5909271"
"67120122","1.0665283","-9.426956","1.6053619"
"67120323","1.0948181","-9.422867","1.5717316"
"67120525","1.1439972","-9.402985","1.59021"
"67120726","1.1710205","-9.409424","1.6070099"
"67120927","1.0757446","-9.419693","1.5982056"
"67121129","1.1686401","-9.41478","1.5695801"
"67121330","1.1848907","-9.410828","1.5663452"
"67121532","1.2078094","-9.386169","1.5762482"
"67121733","1.2423248","-9.379959","1.5718079"
"67121935","1.1207123","-9.411926","1.5210571"
"67122136","1.2630005","-9.406891","1.4547424"
"67122337","1.0405426","-9.434326","1.6643219"
"67122539","1.3581848","-9.354019","1.6593628"
"67122740","1.0410919","-9.413635","1.7293243"
"67122942","1.1660461","-9.410385","1.4365845"
"67123143","1.0621185","-9.443253","1.6458588"
"67123344","1.2519379","-9.406845","1.6279297"
"67123546","1.1173553","-9.425629","1.5358276"
"67123747","1.3048706","-9.390686","1.586441"
"67123949","1.0679321","-9.409134","1.6439819"
"67124150","1.049408","-9.410004","1.6263733"
"67124352","1.0741882","-9.429703","1.6033783"
"67124553","0.96380615","-9.429413","1.7049408"
"67124754","0.9589081","-9.4101715","1.696701"
"67124956","0.9757843","-9.420944","1.6984711"
"67125157","0.9421387","-9.423676","1.7502441"
"67125359","0.9255829","-9.421494","1.67659"
"67125560","0.8825836","-9.412659","1.697998"
"67125761","0.8436127","-9.426392","1.6765594"
"67125963","0.9368286","-9.400681","1.6803894"
"67126164","0.8939514","-9.438553","1.6568451"
"67126366","3.1432648","-9.024475","-0.6875"
"67126567","3.7818604","-11.736374","0.9570923"
"67126769","3.8003693","-8.601212","-0.5717926"
"67126970","-0.10601807","-0.9369507","-1.2564392"
"67127171","1.6829681","-13.319443","-2.8291779"
"67127373","3.2541656","2.2336273","-1.2684021"
"67127574","4.721939","-15.806168","4.049942"
"67127776","1.7729645","1.492981","-0.9412384"
"67127977","0.3383789","-11.52803","-4.933731"
"67128178","1.6433411","-0.26319885","0.076171875"
"67128380","1.6878052","-6.407547","0.25300598"
"67128581","2.8691711","-9.372192","1.4496002"
"67128783","0.9241333","0.7507477","-0.848526"
"67128984","4.311386","-12.022293","-4.0616913"
"67129186","0.9457245","1.4881592","-0.7220154"
"67129387","3.8105469","-15.6884","3.8984528"
"67129588","2.171936","-0.6465759","-2.7122955"
"67129790","3.7493896","-7.3683777","-1.473938"
"67129991","2.6236267","-6.1668243","0.76678467"
"67130193","-0.56752014","-2.2337952","-3.452362"
"67130394","5.1877747","-13.497803","-1.0390015"
"67130595","2.596756","1.9771423","0.20223999"
"67130797","3.0351868","-12.844131","-2.5972748"
"67130998","2.2721405","2.719345","0.28323364"
"67131200","5.5611115","-12.2873535","1.6118164"
"67131401","1.3370209","0.5454407","-1.926178"
"67131603","0.037475586","-6.679718","-4.1292114"
"67131804","0.5657501","-4.6331024","-0.9737549"
"67132005","-0.6163025","-3.180481","-3.9095001"
"67132207","6.7414093","-12.901169","-0.23254395"
"67132408","1.5269775","1.6927338","-0.10255432"
"67132610","4.474991","-11.962753","-3.4927826"
"67132811","1.4082794","2.4329834","1.8506165"
"67133012","2.136444","-11.7113495","-0.7680969"
"67133214","2.9689941","-2.0851135","-0.9947052"
"67133415","-0.11859131","-4.5572205","2.0028076"
"67133617","4.794327","-9.001801","-2.0743408"
"67133818","1.8613739","1.2531128","-3.1183472"
"67134020","4.031311","-15.795074","-4.176819"
"67134221","2.0889282","2.2451782","-0.41984558"
"67134422","9.006729","-10.157944","-1.8739471"
"67134624","-0.3513031","-0.43293762","2.0841522"
"67134825","0.55418396","-8.534393","2.3389282"
"67135027","4.4515686","-8.226181","-0.19926453"
"67135228","1.3299255","0.63261414","0.0546875"
"67135429","5.7794495","-12.824341","-1.4609375"
"67135631","1.6040192","1.2015381","-0.9120636"
"67135832","3.853592","-16.011932","1.2113953"
"67136034","1.3040466","0.77934265","-1.8968201"
"67136235","5.562683","-10.944519","-4.6936035"
"67136437","-0.08129883","-1.4943237","0.31085205"
"67136638","1.6159515","-10.676758","1.2284546"
"67136839","1.2611694","-7.8717194","-0.4885254"
"67137041","3.1340027","-9.7836","1.6875305"
"67137242","0.80511475","-9.528168","1.6186981"
"67137444","1.5143127","-9.323776","1.3636932"
"67137645","1.7678528","-9.420105","1.3419952"
"67137846","1.4075317","-9.378006","1.4785309"
"67138048","1.1374054","-9.426361","1.5071716"
"67138249","1.5534363","-9.349167","1.5767975"
"67138451","0.99554443","-9.434158","1.7702942"
"67138652","0.9503174","-9.386719","1.781662"
"67138854","0.92077637","-9.435379","1.6828613"
"67139055","0.92837524","-9.449448","1.6853638"
"67139256","1.007019","-9.4435425","1.6282043"
"67139458","0.8088074","-9.48468","1.5155792"
"67139659","0.9754944","-9.417648","1.4464874"
"67139861","1.065033","-9.4734955","1.4565125"
"67140062","0.88256836","-9.47998","1.3858948"
"67140263","0.8412018","-9.476013","1.3311615"
"67140465","0.6265106","-9.525543","1.358841"
"67140666","1.3532257","-9.462082","1.1421967"
"67140868","0.9511261","-9.44722","1.0384827"
"67141069","1.1021118","-9.385681","1.0901184"
"67141270","0.33988953","-9.625885","1.1916351"
"67141472","1.2338715","-9.480606","1.1742096"
"67141673","1.0910797","-9.582275","1.2211761"
"67141875","1.0566559","-9.4079895","1.2703552"
"67142076","1.0455017","-9.410431","1.4526215"
"67142278","1.5262604","-9.496063","1.3202057"
"67142479","1.0236969","-9.359619","1.6207428"
"67142680","1.9062042","-9.321167","1.4118805"
"67142882","1.1840515","-9.382553","1.7187805"
"67143083","1.2678223","-9.432465","1.6454163"
"67143285","1.2099915","-9.392044","1.6601563"
"67143486","1.1786804","-9.380554","1.76474"
"67143687","1.0385437","-9.356857","1.6706696"
"67143889","0.9406128","-9.442413","1.9352722"
"67144090","0.8803406","-9.413956","1.8877411"
"67144292","1.0662537","-9.360474","1.8047333"
"67144493","0.84736633","-9.443314","1.6639557"
"67144695","0.9264984","-9.485428","1.5977478"
"67144896","0.8565216","-9.425125","1.6948547"
"67145097","0.80477905","-9.470596","1.5520325"
"67145299","0.77523804","-9.457672","1.4884949"
"67145500","0.8566742","-9.487427","1.487442"
"67145702","0.79418945","-9.514725","1.5169983"
"67145903","1.0066376","-9.4028015","1.5075684"
"67146104","0.76600647","-9.536713","1.4558868"
"67146306","1.0377808","-9.396866","1.4678802"
"67146507","0.5631256","-9.612961","1.7142639"
"67146709","5.5089874","-8.727264","-0.6845093"
"67146910","3.2219696","-10.688843","-0.1353302"
"67147112","4.5888977","-5.8919525","-4.1567993"
"67147313","4.127289","-6.447708","-5.688385"
"67147514","3.4488068","-9.852264","-0.27198792"
"67147716","9.950302","-11.988647","-1.5709229"
"67147917","4.7864075","-10.279785","-1.7571411"
"67148119","-1.1823883","-4.096649","1.2306519"
"67148320","1.7032776","-11.413605","7.199295"
"67148521","1.4113312","-7.4165955","-0.89897156"
"67148723","3.2715912","-11.78714","-4.3340607"
"67148924","2.125412","-4.735138","-1.0545197"
"67149126","5.3237915","-9.676834","2.6057281"
"67149327","9.929794","-12.243744","0.81596375"
"67149529","6.818878","-8.856415","2.0615692"
"67149730","-1.701004","-5.196335","4.5014954"
"67149931","2.0353088","-10.941345","4.8821564"
"67150133","12.045013","-4.0021667","-4.2042694"
"67150334","6.071594","-14.035156","-4.21463"
"67150536","-2.7029114","-0.9339447","1.0291443"
"67150737","4.711914","-15.617218","3.2965088"
"67150938","10.986786","-3.6817627","-2.987564"
"67151140","-3.1108246","-7.738571","6.9228973"
"67151341","3.5509949","-7.3979187","4.325775"
"67151543","10.919632","-3.9014435","-2.1112366"
"67151744","3.1391602","-12.535019","4.6481934"
"67151946","-0.2738037","-1.0743256","0.24046326"
"67152147","2.5297241","-13.643311","-0.33784485"
"67152348","8.860519","-3.866333","-1.3532715"
"67152550","-2.0444794","-9.194626","2.2892761"
"67152751","4.6326904","-9.541443","1.2224579"
"67152953","5.9608765","-8.030151","-2.4485168"
"67153154","2.7019043","-15.058304","6.499237"
"67153355","-0.6285858","-4.5853577","-0.38124084"
"67153557","-0.76182556","-15.03241","6.070465"
"67153758","-0.012283325","-4.0635834","1.9010315"
"67153960","6.689865","-14.037109","0.121276855"
"67154161","4.2781982","-16.489517","1.2973175"
"67154363","-3.9337006","-0.46740723","4.4789124"
"67154564","1.9869385","-15.47612","6.7325897"
"67154765","8.9857025","-2.3564758","-4.643692"
"67154967","3.6440887","-12.998871","6.5959167"
"67155168","-2.168457","-4.293213","1.7001648"
"67155370","4.536087","-13.943832","3.0069733"
"67155571","6.878174","-5.3985596","0.0014038086"
"67155772","-1.9871368","-7.921402","4.008011"
"67155974","2.1072083","-9.352631","-0.5361328"
"67156175","7.6926727","-7.265915","-5.0280457"
"67156377","6.525589","-11.93277","-5.6212463"
"67156578","0.74786377","-0.4283905","-3.5727386"
"67156780","1.3931427","-13.654343","-6.820633"
"67156981","4.5702667","-4.2802124","-2.2877808"
"67157182","-1.6672211","-13.379974","0.40452576"
"67157384","1.2694092","-7.2285156","0.49497986"
"67157585","1.7402649","-9.928146","0.5873871"
"67157787","1.4356079","-9.654556","0.75631714"
"67157988","0.939209","-9.502808","1.2581177"
"67158189","0.829834","-9.538544","1.2485657"
"67158391","0.72280884","-9.561523","1.3209534"
"67158592","1.3939819","-9.426346","1.0414886"
"67158794","1.0209503","-9.529327","0.8123627"
"67158995","1.0648956","-9.487656","1.128418"
"67159197","0.92333984","-9.503342","1.1096954"
"67159398","0.7554474","-9.506714","1.296463"
"67159599","1.1748505","-9.500198","1.1803894"
"67159801","0.13264465","-9.513977","1.6601715"
"67160002","0.7960205","-9.507492","1.4410248"
"67160204","0.63256836","-9.482788","1.5679474"
"67160405","0.16026306","-9.499344","1.7149811"
"67160606","0.8179779","-9.422867","1.7340088"
"67160808","0.47233582","-9.467636","1.7028046"
"67161009","-0.0010986328","-9.504105","1.7023315"
"67161211","0.42315674","-9.459091","1.601181"
"67161412","0.43688965","-9.479828","1.5737762"
"67161614","-0.16804504","-9.533249","1.8674011"
"67161815","0.43836975","-9.493927","1.5611267"
"67162016","0.4112854","-9.470657","1.6287689"
"67162218","0.27842712","-9.523285","1.5862732"
"67162419","-0.13783264","-9.601486","1.6080017"
"67162621","0.5317993","-9.49527","1.3536987"
"67162822","0.6840668","-9.540878","1.2340393"
"67163023","1.0013275","-9.395889","1.831131"
"67163225","0.4953003","-9.428696","1.912323"
"67163426","0.718277","-9.430817","1.7550201"
"67163628","0.79815674","-9.452896","1.6600494"
"67163829","0.8472748","-9.404205","1.7865448"
"67164031","0.7379761","-9.421326","1.8732758"
"67164232","0.42811584","-9.4665985","1.7951508"
"67164433","0.68692017","-9.439117","1.8134918"
"67164635","0.7049408","-9.426971","1.7525177"
"67164836","0.58070374","-9.469299","1.7570038"
"67165038","0.71383667","-9.441666","1.7846375"
"67165239","0.6220703","-9.440567","1.7611084"
"67165440","0.78800964","-9.442093","1.662674"
"67165642","0.7725525","-9.42984","1.6862335"
"67165843","0.62283325","-9.464935","1.6607056"
"67166045","0.75372314","-9.487091","1.5815125"
"67166246","0.69551086","-9.475937","1.5291138"
"67166448","0.71125793","-9.538788","1.510849"
"67166649","-0.043899536","-9.4422","1.8159332"
"67166850","3.1600342","-9.082474","1.6356049"
"67167052","4.3511505","-8.962875","0.8718567"
"67167253","4.275345","-9.970337","0.6732025"
"67167455","2.446701","-7.002945","-2.8744202"
"67167656","4.3793793","-9.216614","-3.4144745"
"67167857","1.0469055","-9.886642","1.1636963"
"67168059","1.7960663","-8.75061","0.954422"
"67168260","3.647232","-10.6362","0.37503052"
"67168462","0.9510803","-12.94281","0.32099915"
"67168663","-1.7763214","-6.441696","1.5352325"
"67168865","4.0066986","-11.697449","-1.7425385"
"67169066","2.0348969","-9.749817","2.9135742"
"67169267","2.8035583","-9.284363","1.9601135"
"67169469","1.2222748","-10.120728","0.62924194"
"67169670","4.586075","-7.6858063","-2.428009"
"67169872","1.5270691","-6.974045","-3.2634277"
"67170073","4.2829285","-11.035675","5.820465"
"67170274","2.2657623","-9.025681","1.050293"
"67170476","4.087219","-10.720291","0.6722717"
"67170677","2.3649902","-13.095551","-0.14013672"
"67170879","-1.0022736","-6.194824","2.024292"
"67171080","3.864212","-11.210556","-2.17865"
"67171281","0.81866455","-9.578949","4.435211"
"67171483","2.5008392","-8.60437","1.3050995"
"67171684","5.8545227","-12.400986","-1.0490265"
"67171886","-0.13845825","-11.50119","2.1446228"
"67172087","2.6396637","-7.172531","-3.8963928"
"67172289","-0.0718689","-10.710907","2.8640594"
"67172490","1.8878479","-8.267929","1.2940826"
"67172691","5.205139","-11.042389","0.505661"
"67172893","0.42590332","-13.770721","3.8996582"
"67173094","-1.7113037","-4.767639","1.7368469"
"67173296","4.8782043","-12.192642","0.25209045"
"67173497","1.0441589","-9.816711","2.9775085"
"67173698","3.4127502","-9.102539","1.0086975"
"67173900","2.78479","-14.123489","-1.9820404"
"67174101","-1.0636444","-7.530197","2.7303772"
"67174303","3.15773","-9.693619","-7.1931763"
"67174504","-0.76483154","-11.296158","2.45195"
"67174706","3.8428192","-8.328278","2.5687714"
"67174907","1.1699524","-10.360992","0.93247986"
"67175108","2.495102","-10.0633545","0.83947754"
"67175310","3.3999023","-7.4986877","-2.5321808"
"67175511","4.8061523","-6.629486","-3.6463928"
"67175713","1.9370728","-10.5781555","1.002594"
"67175914","1.5295258","-9.117874","2.15625"
"67176115","2.532837","-10.280319","0.7265167"
"67176317","3.1063843","-12.000473","0.66607666"
"67176518","-0.12246704","-8.281754","2.1487274"
"67176720","3.9854736","-9.513123","-3.6045227"
"67176921","-0.14125061","-11.7782135","3.0641174"
"67177123","2.6950989","-8.375351","0.542984"
"67177324","1.256424","-9.686813","1.2947693"
"67177525","0.68678284","-10.19136","-0.9469147"
"67177727","-0.8961029","-9.379105","0.9690094"
"67177928","1.8905945","-9.635254","-2.4398193"
"67178130","0.48721313","-9.738174","-0.30613708"
"67178331","0.6520996","-9.63472","-0.85998535"
"67178532","0.7892151","-9.555878","-0.7327423"
"67178734","0.95214844","-9.531509","-1.3608551"
"67178935","1.1639404","-9.471558","-1.4393463"
"67179137","0.9892578","-9.51886","-1.4039764"
"67179338","1.1043091","-9.499298","-1.4076843"
"67179540","1.0170898","-9.4865265","-1.344635"
"67179741","1.0885315","-9.483871","-1.3046417"
"67179942","0.87538147","-9.527939","-1.481247"
"67180144","1.101059","-9.492935","-1.2933655"
"67180345","0.98387146","-9.475403","-1.5408478"
"67180547","0.90641785","-9.493805","-1.4335938"
"67180748","0.9998627","-9.502396","-1.4292297"
"67180949","0.7559509","-9.655533","-1.3210754"
"67181151","0.9650574","-9.540131","-1.4766235"
"67181352","0.7415619","-9.465942","-1.3300934"
"67181554","0.29788208","-9.641739","-1.4075775"
"67181755","0.7272949","-9.498611","-1.3856812"
"67181957","0.41003418","-9.569412","-1.3251495"
"67182158","0.48950195","-9.578537","-1.3504944"
"67182359","0.6461792","-9.467575","-1.3735657"
"67182561","0.45472717","-9.583008","-1.2760162"
"67182762","0.64959717","-9.665085","-1.2477112"
"67182964","0.6032257","-9.602661","-1.3851776"
"67183165","0.68518066","-9.483429","-1.3281097"
"67183366","0.5719147","-9.560455","-1.2210999"
"67183568","0.851593","-9.583588","-1.4577942"
"67183769","0.6352539","-9.608154","-1.4501648"
"67183971","0.6216583","-9.543396","-1.3139954"
"67184172","0.60868835","-9.550583","-1.4153748"
"67184374","0.6272125","-9.539902","-1.4099731"
"67184575","0.59817505","-9.578476","-1.3890991"
"67184776","0.61839294","-9.535202","-1.2374573"
"67184978","0.5031891","-9.604034","-1.1905975"
"67185179","0.45428467","-9.55928","-1.1725464"
"67185381","0.4307251","-9.586777","-1.2946472"
"67185582","0.4393158","-9.593384","-1.1893005"
"67185783","0.061538696","-9.624924","-1.2637482"
"67185985","0.41418457","-9.586426","-1.485672"
"67186186","0.32572937","-9.583084","-0.97906494"
"67186388","0.20088196","-9.751816","-1.10495"
"67186589","-0.1429596","-9.539719","-0.8317566"
"67186791","1.9416199","-9.44783","-1.7257996"
"67186992","4.2220154","-10.522842","-2.0171661"
"67187193","1.1434937","-4.142212","-2.6248932"
"67187395","2.3028412","-15.217728","-0.25584412"
"67187596","2.1451874","-0.83909607","-2.2805023"
"67187798","1.4300079","-10.7430725","7.0964966"
"67187999","1.4924316","-0.0663147","0.41349792"
"67188200","4.4313354","-9.968994","3.1878967"
"67188402","1.1852112","-7.206558","-1.3732605"
"67188603","-1.0437622","-1.9440765","-1.1809998"
"67188805","2.4473267","-12.085571","-0.5426636"
"67189006","0.6596527","1.5263214","-1.1107635"
"67189208","0.91482544","-14.775192","3.9003906"
"67189409","3.842163","1.3864899","-2.6065369"
"67189610","-5.921524","-11.152893","-4.610443"
"67189812","2.5822296","1.0671082","-0.19194031"
"67190013","3.4827576","-8.646423","-1.1949615"
"67190215","1.0750427","-7.1923523","-4.5467834"
"67190416","0.16081238","-1.1868134","0.060668945"
"67190617","-1.0405731","-9.004379","-3.025177"
"67190819","0.69454956","0.2594757","-1.6988068"
"67191020","3.5623474","-14.03714","0.88757324"
"67191222","1.8282318","1.7630005","0.11904907"
"67191423","-4.433182","-12.636368","-6.376129"
"67191625","0.9594879","0.41539","0.79270935"
"67191826","3.7163239","-7.9584045","4.684311"
"67192027","1.8681488","-7.169861","-0.34809875"
"67192229","1.3265228","-0.72532654","-3.343277"
"67192430","3.3421478","-11.391861","-4.0427856"
"67192632","1.3630676","1.0687408","0.6138458"
"67192833","3.5677032","-15.289185","0.5413513"
"67193034","2.2515564","1.433609","-2.8397675"
"67193236","3.424652","-11.445908","1.3458557"
"67193437","1.5219727","-1.8719025","0.009460449"
"67193639","1.0236664","-7.30838","-4.4080505"
"67193840","3.3339539","-8.684525","-0.5947876"
"67194041","0.4599762","0.756546","1.8488464"
"67194243","-3.7088318","-11.629761","-5.936035"
"67194444","2.1499023","1.9555511","-0.34140015"
"67194646","4.490616","-14.144882","3.0814514"
"67194847","2.5726929","0.16575623","1.001297"
"67195049","-5.359436","-7.982605","-1.2273407"
"67195250","1.8674927","-1.9949646","-0.9653778"
"67195451","-3.7381134","-4.9594574","4.800247"
"67195653","3.719513","-11.222992","2.578003"
"67195854","1.6563568","1.2730713","-0.532074"
"67196056","5.258011","-13.209045","-0.88365173"
"67196257","1.2507782","2.0362701","0.2273407"
"67196458","2.0601044","-14.022308","1.9625854"
"67196660","1.7407684","-0.9548645","1.1141052"
"67196861","2.051941","-10.317947","2.7686157"
"67197063","1.2583466","-9.516022","0.26489258"
"67197264","-0.2006836","-10.038406","1.2928467"
"67197466","1.1173706","-9.506821","1.1811829"
"67197667","2.7647247","-9.986252","-0.43551636"
"67197868","0.36244202","-9.384018","0.82421875"
"67198070","2.6493683","-9.525681","-0.9201355"
"67198271","2.8074646","-9.054382","1.2081757"
"67198473","2.9019165","-9.378204","1.6576691"
"67198674","2.8201904","-9.22258","0.8772125"
"67198875","2.9784698","-9.570404","-0.4900055"
"67199077","2.9318237","-9.710724","0.14868164"
"67199278","1.4601898","-8.6627655","-1.2916718"
"67199480","4.2805176","-8.358261","-2.360962"
"67199681","0.9449158","-10.180176","1.0082092"
"67199883","2.166397","-9.19194","1.9038086"
"67200084","0.74786377","-8.946762","2.16745"
"67200285","2.8863068","-10.55217","0.81925964"
"67200487","2.2860413","-10.989075","0.57073975"
"67200688","-0.52308655","-8.092468","1.5826263"
"67200890","5.1260986","-9.174469","-3.7113037"
"67201091","0.49015808","-9.547348","4.115143"
"67201292","1.4588013","-8.634964","1.7255249"
"67201494","3.1979523","-10.490402","0.19921875"
"67201695","2.2134705","-11.714874","0.62464905"
"67201897","-1.5106964","-7.3722534","1.6255798"
"67202098","5.7474976","-10.686752","-2.0254211"
"67202300","0.92414856","-9.420105","2.9662933"
"67202501","2.113739","-8.876831","1.6358948"
"67202702","3.5485077","-10.7621","0.32470703"
"67202904","-0.5105896","-11.549957","0.032318115"
"67203105","-1.051712","-6.903656","0.49731445"
"67203307","4.6033325","-11.118271","-3.583908"
"67203508","0.32110596","-9.439407","1.9815979"
"67203709","2.2124176","-9.066681","1.904953"
"67203911","3.4070892","-10.801956","-0.08985901"
"67204112","-0.5395508","-11.206451","0.15809631"
"67204314","-0.33091736","-7.044052","0.105148315"
"67204515","3.9181976","-10.893356","-1.8875122"
"67204717","0.57344055","-9.695435","2.239975"
"67204918","1.8304749","-8.989624","1.7325134"
"67205119","3.024292","-10.180283","-0.36192322"
"67205321","0.15890503","-11.37645","0.23857117"
"67205522","-0.42066956","-7.548813","0.10197449"
"67205724","3.473114","-10.3567505","-2.6560059"
"67205925","1.4428711","-9.325272","1.83255"
"67206126","0.94366455","-9.43457","1.3960876"
"67206328","0.7303009","-9.535873","1.7633972"
"67206529","0.14030457","-9.368607","1.6208038"
"67206731","-1.1608887","-10.10524","-0.05406189"
"67206932","0.09429932","-9.335815","-0.16830444"
"67207134","-0.48757935","-9.492142","-1.1432343"
"67207335","-0.5460968","-9.586182","-0.6483612"
"67207536","-0.31217957","-9.6936035","-0.36039734"
"67207738","-0.21368408","-9.6763","0.2827301"
"67207939","0.2015686","-9.591629","0.9791107"
"67208141","0.61520386","-9.479034","1.3099823"
"67208342","1.229248","-9.43222","1.9402161"
"67208543","0.82037354","-9.45166","1.9474335"
"67208745","0.52119446","-9.345673","2.1588287"
"67208946","0.92622375","-9.33844","2.0785675"
"67209148","0.7214203","-9.343994","2.16185"
"67209349","0.721344","-9.326431","2.1929626"
"67209551","0.78274536","-9.303085","2.3328247"
"67209752","0.8095398","-9.304077","2.3152924"
"67209953","0.7420807","-9.306137","2.4679718"
"67210155","0.54437256","-9.303497","2.5004272"
"67210356","-0.04347229","-9.403641","2.4492035"
"67210558","0.039245605","-9.492432","1.4674225"
"67210759","-0.40370178","-9.786819","0.5852814"
"67210960","-0.19326782","-9.797501","-0.38414"
"67211162","0.435318","-9.530579","-0.8026581"
"67211363","0.16921997","-9.407059","-0.88186646"
"67211565","0.24259949","-9.698074","-1.4273987"
"67211766","0.057678223","-9.59758","-1.3438416"
"67211968","0.032958984","-9.754959","-1.8570099"
"67212169","0.8510895","-9.177307","-1.5437012"
"67212370","0.73135376","-9.302734","-1.8442078"
"67212572","0.990921","-9.679047","-1.1122437"
"67212773","1.2291107","-9.500793","-0.06863403"
"67212975","1.6031189","-9.533661","1.5070343"
"67213176","1.3648682","-9.419205","1.1988983"
"67213377","1.5424194","-9.434891","1.4318237"
"67213579","1.1970825","-9.489685","1.088089"
"67213780","1.3577118","-9.708832","-0.20898438"
"67213982","1.4581604","-9.937256","-1.12883"
"67214183","0.50717163","-8.727982","-0.14297485"
"67214385","1.6769562","-9.94809","-2.0222473"
"67214586","0.93566895","-9.470932","-1.0422058"
"67214787","1.4265137","-9.55188","-1.5756378"
"67214989","1.1887054","-9.4283905","-1.0719452"
"67215190","1.3640747","-9.420715","-1.2609253"
"67215392","1.2033691","-9.479294","-1.3798218"
"67215593","1.2597198","-9.511078","-1.5382843"
"67215794","1.3865356","-9.324051","-1.537674"
"67215996","1.5233917","-9.324768","-1.713028"
"67216197","1.3359833","-9.420273","-1.7568512"
"67216399","1.5952148","-8.93808","-1.2337036"
"67216600","1.1706238","-10.058701","-1.6973572"
"67216802","0.91625977","-9.574326","0.118133545"
"67217003","1.0393524","-9.548874","0.43278503"
"67217204","0.7260895","-9.629089","0.5070038"
"67217406","1.2328644","-9.538574","0.7004852"
"67217607","1.1382294","-9.453384","0.39031982"
"67217809","1.0398407","-9.652161","-0.43086243"
"67218010","1.6354218","-9.060059","-0.23492432"
"67218211","1.685379","-9.367706","0.13406372"
"67218413","1.9990845","-9.053787","0.10873413"
"67218614","1.7996979","-10.195343","0.72406006"
"67218816","0.8318329","-9.308884","0.76304626"
"67219017","0.930603","-9.513763","0.7813721"
"67219218","1.2716064","-9.346497","0.7075348"
"67219420","0.9560394","-10.071548","0.56381226"
"67219621","0.8936615","-7.998123","0.78796387"
"67219823","0.69332886","-9.809357","-0.52970886"
