Time,AccelX,AccelY,AccelZ
1518198853102.00 ,1.0145111,4.725113,9.168564
1518198853304.00 ,0.49320984,4.4466095,8.849594
1518198853506.00 ,1.5191498,4.808426,8.925766
1518198853707.00 ,1.1763763,4.8322296,9.551804
1518198853908.00 ,0.12901306,3.6277618,9.011459
1518198854110.00 ,0.90263367,4.153824,9.775558
1518198854311.00 ,0.3575287,3.9705353,9.701767
1518198854512.00 ,2.0904388,3.5991974,10.327805
1518198854714.00 ,5.2182465,1.4949493,4.731552
1518198854915.00 ,5.261093,-3.863266,2.165512
1518198855116.00 ,14.356491,-5.229599,0.99198914
1518198855318.00 ,8.857834,-7.5028534,0.5397186
1518198855519.00 ,7.8176117,-9.807053,-1.4812164
1518198855721.00 ,9.462448,-5.3414764,-2.0453644
1518198855922.00 ,14.099411,-11.035324,-2.1929474
1518198856123.00 ,5.511032,-8.228867,1.3514252
1518198856325.00 ,-8.052322,-9.968918,-2.4809723
1518198856526.00 ,0.45988464,-10.694931,-4.268631
1518198856728.00 ,3.997116,-7.302902,-0.9242096
1518198856929.00 ,3.4758148,-7.550461,-3.4235992
1518198857131.00 ,3.7757416,1.6996613,-2.2714996
1518198857332.00 ,1.6286469,-17.343307,4.103134
1518198857534.00 ,-1.4206085,-0.6354828,0.76109314
1518198857735.00 ,3.18779,-6.7792206,-6.463333
1518198857937.00 ,-4.7935944,3.7872467,6.1502533
1518198858138.00 ,5.1920624,-24.815292,-1.8787384
1518198858339.00 ,-4.105667,1.4163971,0.9634247
1518198858542.00 ,3.25206,-8.940598,-8.3771515
1518198858743.00 ,-10.549332,1.4711456,14.560104
1518198858944.00 ,3.7709808,-20.133102,-0.04109192
1518198859145.00 ,-4.945938,-3.8108978,-2.633316
1518198859347.00 ,4.1589813,-4.7082977,-8.469986
1518198859548.00 ,-5.3267975,3.3897247,7.335678
1518198859751.00 ,6.2180023,-24.965256,-5.8039703
1518198859953.00 ,5.068283,4.765579,-4.382889
1518198860154.00 ,17.11296,-15.453293,-17.827225
1518198860355.00 ,6.087082,-2.5397797,-1.18367
1518198860557.00 ,-10.887344,-12.639694,-20.890762
1518198860758.00 ,1.7524261,-12.694443,-5.956314
1518198860959.00 ,-6.902603,-3.0515594,-2.414322
1518198861160.00 ,5.5324554,-11.0186615,-10.42189
1518198861362.00 ,-3.6224518,3.1302643,6.5477753
1518198861564.00 ,7.5081635,-25.274704,-6.360977
1518198861765.00 ,-0.19709778,0.9069977,-0.7694855
1518198861966.00 ,15.037277,-2.3136444,-5.982498
1518198862167.00 ,10.267014,4.263321,-8.193863
1518198862369.00 ,23.387619,-25.479416,-0.40766907
1518198862571.00 ,2.3903656,-1.0020599,0.11125183
1518198862772.00 ,-4.4984283,-13.451401,-3.4688263
1518198862973.00 ,2.3237152,-10.580673,-3.3141022
1518198863175.00 ,-26.647781,-7.3481293,7.7808075
1518198863376.00 ,0.024276733,-10.74968,-1.6906891
1518198863577.00 ,-5.450577,-8.328842,-5.218399
1518198863779.00 ,4.4946136,-11.647079,-4.6494904
1518198863981.00 ,-0.63508606,5.558243,3.6580048
1518198864183.00 ,1.1240082,-21.311386,-4.3567047
1518198864385.00 ,-4.131851,2.7874908,4.3863983
1518198864585.00 ,1.3810883,-5.274826,-9.384048
1518198864787.00 ,-1.9347687,4.2657013,8.24498
1518198864987.00 ,12.152267,-24.441574,-9.062698
1518198865189.00 ,3.7305145,4.6441803,1.8751068
1518198865391.00 ,9.226791,-14.979599,-10.986038
1518198865593.00 ,1.7143402,-4.434555,0.4516449
1518198865794.00 ,-1.975235,-8.654953,-5.3231354
1518198865995.00 ,0.13615417,-9.050095,0.030319214
1518198866197.00 ,2.3856049,-10.209335,-0.39338684
1518198866398.00 ,-0.18281555,-9.3405,-0.2315216
1518198866600.00 ,1.0930634,-9.173874,-1.6526031
1518198866800.00 ,0.5217743,-9.497604,-0.9408722
1518198867002.00 ,0.26707458,-9.809433,-0.23866272
1518198867203.00 ,0.95500183,-9.416672,-0.6909332
1518198867405.00 ,0.39323425,-9.59996,-0.45765686
1518198867606.00 ,0.9811859,-9.53331,-1.0218048
1518198867808.00 ,1.1073456,-9.314316,-1.2622223
1518198868010.00 ,1.193039,-9.433334,-1.3264923
1518198868210.00 ,1.1501923,-9.373825,-0.9408722
1518198868411.00 ,1.2216034,-9.59758,-0.94563293
1518198868612.00 ,1.0573578,-9.718979,-0.6790314
1518198868815.00 ,1.0859222,-9.692795,-0.7742462
1518198869017.00 ,1.3549042,-9.478561,-0.74806213
1518198869217.00 ,1.2692108,-9.521408,-0.7028351
1518198869420.00 ,1.4144135,-9.642807,-0.740921
1518198869620.00 ,1.8643036,-9.46666,-0.71473694
1518198869821.00 ,1.3691864,-9.454758,-0.94563293
1518198870024.00 ,1.1573334,-9.523788,-1.0218048
1518198870224.00 ,1.514389,-9.509506,-1.1146393
1518198870427.00 ,0.6526947,-9.53093,-0.81947327
1518198870628.00 ,1.3739471,-9.47142,-0.6623688
1518198870829.00 ,1.7381439,-9.509506,-1.1074982
1518198871031.00 ,1.2977753,-9.419052,-0.7242584
1518198871232.00 ,0.7098236,-9.66185,-0.5766754
1518198871434.00 ,0.9407196,-9.571396,-0.5790558
1518198871634.00 ,1.2216034,-9.3381195,-0.7932892
1518198871835.00 ,1.0668793,-9.197678,-0.67189026
1518198872039.00 ,1.6405487,-9.221481,-1.0265656
1518198872239.00 ,1.3144379,-9.53093,-0.6338043
1518198872441.00 ,0.628891,-7.5409393,-1.3669586
1518198872641.00 ,1.2525482,-9.131027,-1.4240875
1518198872843.00 ,1.0002289,-9.609482,-0.66474915
1518198873046.00 ,1.0883026,-9.561874,-0.67189026
1518198873247.00 ,1.1311493,-9.557114,-0.8004303
1518198873447.00 ,1.4572601,-9.554733,-0.9337311
1518198873648.00 ,1.1954193,-9.528549,-0.8170929
1518198873850.00 ,1.2501678,-9.366684,-0.46955872
1518198874052.00 ,1.2715912,-9.47142,-0.5838165
1518198874254.00 ,1.1620941,-9.778488,-0.13154602
1518198874456.00 ,1.3382416,-9.53331,-0.31721497
1518198874657.00 ,1.1787567,-9.683273,-0.21009827
1518198874859.00 ,1.2620697,-9.547592,-0.20533752
1518198875060.00 ,1.2787323,-9.638046,-0.298172
1518198875260.00 ,1.1263885,-9.619003,-0.3648224
1518198875462.00 ,1.2311249,-9.638046,-0.33625793
1518198875664.00 ,1.1882782,-9.626144,-0.29341125
1518198875866.00 ,1.3263397,-9.609482,-0.09346008
1518198876067.00 ,1.7500458,-9.583298,-0.06251526
1518198876269.00 ,0.88835144,-9.430954,-0.4719391
1518198876470.00 ,1.0216522,-9.676132,-0.3886261
1518198876671.00 ,0.79551697,-10.149826,-2.062027
1518198876873.00 ,3.1020966,-8.402634,-3.4378815
1518198877074.00 ,3.3663177,-7.2600555,-4.449539
1518198877275.00 ,2.22612,-8.450241,-2.8356476
1518198877477.00 ,3.6424408,-9.773727,-2.119156
1518198877679.00 ,-0.94929504,-11.401901,3.4247284
1518198877880.00 ,3.2544403,-9.840378,1.1276703
1518198878081.00 ,4.799301,-8.985825,1.1371918
1518198878283.00 ,3.5757904,-8.50737,-0.82899475
1518198878483.00 ,2.1475677,-10.55925,0.8229828
1518198878686.00 ,-3.1511383,-12.858688,2.2012177
1518198878887.00 ,2.1071014,-7.7147064,-4.6375885
1518198879088.00 ,2.3141937,-6.6483,-4.4590607
1518198879289.00 ,0.3646698,-8.047958,-4.594742
1518198879490.00 ,5.6990814,-7.8194427,0.07316589
1518198879693.00 ,-0.52082825,-9.721359,0.71824646
1518198879895.00 ,0.80503845,-9.309555,0.58732605
1518198880096.00 ,4.3470306,-9.302414,2.2964325
1518198880297.00 ,0.9835663,-8.564499,1.4061737
1518198880499.00 ,0.5550995,-9.861801,0.6158905
1518198880700.00 ,5.8871307,-7.4909515,-1.5097809
1518198880901.00 ,3.7424164,-7.7742157,-4.851822
1518198881103.00 ,4.785019,-10.373581,1.7560883
1518198881304.00 ,4.182785,-9.031052,-1.1241608
1518198881506.00 ,3.3187103,-8.466904,0.38737488
1518198881706.00 ,5.7633514,-9.79039,0.36357117
1518198881908.00 ,0.8359833,-8.343124,-0.5957184
1518198882109.00 ,2.5569916,-7.9408417,-2.4500275
1518198882311.00 ,2.4689178,-6.6125946,-2.614273
1518198882513.00 ,3.618637,-8.790634,-4.780411
1518198882713.00 ,1.0311737,-4.7249603,0.001754761
1518198882914.00 ,0.045700073,-9.002487,0.10649109
1518198883117.00 ,1.2406464,-10.211716,2.1179047
1518198883318.00 ,4.677902,-8.769211,0.708725
1518198883520.00 ,1.4810638,-8.912033,0.5492401
1518198883721.00 ,6.2322845,-6.017502,-4.0401154
1518198883922.00 ,5.008774,-7.276718,-5.7016144
1518198884123.00 ,0.090927124,-9.002487,-7.5821075
1518198884325.00 ,3.7162323,-9.7285,2.241684
1518198884526.00 ,5.9823456,-8.781113,-1.1074982
1518198884727.00 ,3.9614105,-8.538315,-0.9313507
1518198884930.00 ,6.6440887,-10.168869,-0.17201233
1518198885132.00 ,-1.1111603,-10.506882,-2.1810455
1518198885332.00 ,3.490097,-7.538559,-2.0215607
1518198885534.00 ,4.8397675,-7.3743134,-0.057754517
1518198885735.00 ,2.0475922,-10.771103,0.15647888
1518198885937.00 ,2.1380463,-11.673264,-0.34101868
1518198886139.00 ,6.7393036,-8.293137,1.1824188
1518198886341.00 ,3.5948334,-9.428574,0.4016571
1518198886542.00 ,5.446762,-8.209824,2.120285
1518198886742.00 ,5.401535,-8.850143,0.48020935
1518198886945.00 ,2.2546844,-10.133163,-0.510025
1518198887146.00 ,0.27897644,-8.590683,-3.326004
1518198887346.00 ,3.3710785,-4.460739,-2.3262482
1518198887547.00 ,-1.8062286,-12.775375,-7.912979
1518198887750.00 ,5.0897064,-8.012253,0.4183197
1518198887952.00 ,4.1732635,-8.216965,0.40641785
1518198888153.00 ,3.6638641,-9.235764,0.772995
1518198888355.00 ,2.6569672,-9.183395,0.06840515
1518198888555.00 ,4.208969,-9.057236,-0.49336243
1518198888756.00 ,3.9590302,-9.176254,0.07316589
1518198888957.00 ,3.297287,-9.171494,-1.2098541
1518198889160.00 ,2.9806976,-9.0239105,-1.2717438
1518198889362.00 ,3.8780975,-8.909653,-0.68855286
1518198889562.00 ,3.3853607,-9.152451,-0.7813873
1518198889764.00 ,3.471054,-8.997726,-0.64094543
1518198889966.00 ,3.3567963,-9.285751,-0.35292053
1518198890168.00 ,3.4305878,-9.138168,-0.41004944
1518198890369.00 ,3.3377533,-9.138168,-0.50764465
1518198890570.00 ,3.6781464,-9.002487,-0.44099426
1518198890772.00 ,3.7566986,-8.902512,-0.54811096
1518198890972.00 ,3.5948334,-9.01915,-0.73139954
1518198891174.00 ,3.63768,-9.088181,-0.48146057
1518198891376.00 ,3.4877167,-9.111984,-0.3314972
1518198891577.00 ,3.5710297,-9.154831,-0.47669983
1518198891779.00 ,3.4353485,-9.073898,-0.5385895
1518198891981.00 ,3.3115692,-9.200058,-0.53382874
1518198892182.00 ,3.6091156,-9.104843,-0.61476135
1518198892383.00 ,3.4734344,-9.1072235,-0.6028595
1518198892585.00 ,3.4996185,-9.050095,-0.64808655
1518198892786.00 ,3.4996185,-9.185776,-0.66474915
1518198892986.00 ,3.3710785,-9.142929,-0.612381
1518198893189.00 ,3.5162811,-9.1072235,-0.45765686
1518198893390.00 ,3.4020233,-9.164352,-0.5433502
1518198893591.00 ,3.3496552,-9.138168,-0.3648224
1518198893793.00 ,3.406784,-9.200058,-0.39338684
1518198893995.00 ,3.399643,-9.178635,-0.34577942
1518198894196.00 ,3.4472504,-9.261948,-0.43147278
1518198894398.00 ,3.4163055,-9.157211,-0.39100647
1518198894598.00 ,3.4924774,-9.15007,-0.28627014
1518198894800.00 ,3.501999,-9.111984,-0.41719055
1518198895001.00 ,3.3972626,-9.109604,-0.4719391
1518198895202.00 ,3.3639374,-9.185776,-0.39814758
1518198895405.00 ,3.4305878,-9.0858,-0.43385315
1518198895605.00 ,3.4877167,-9.097702,-0.4290924
1518198895807.00 ,3.3734589,-9.071518,-0.28388977
1518198896009.00 ,3.4139252,-9.204819,-0.41719055
1518198896209.00 ,3.3663177,-9.223862,-0.35292053
1518198896412.00 ,3.3639374,-9.131027,-0.5052643
1518198896613.00 ,3.3210907,-9.195297,-0.4862213
1518198896814.00 ,3.4853363,-9.209579,-0.37672424
1518198897015.00 ,3.4329681,-9.392868,-0.41481018
1518198897217.00 ,3.1735077,-9.228622,-0.5766754
1518198897418.00 ,3.6638641,-9.0239105,-1.3550568
1518198897619.00 ,3.2282562,-9.140549,-0.97657776
1518198897821.00 ,3.0045013,-9.428574,-1.0884552
1518198898022.00 ,2.964035,-9.233383,-0.80281067
1518198898223.00 ,2.2808685,-9.519028,-0.41957092
1518198898425.00 ,1.9047699,-0.87828064,-1.2360382
1518198898626.00 ,11.043015,-19.66893,-8.848465
1518198898828.00 ,-1.032608,-4.6416473,-0.96943665
1518198899031.00 ,1.9809418,-1.8661346,-0.01966858
1518198899231.00 ,4.273239,-26.557724,-6.8775177
1518198899432.00 ,-4.4151154,-15.912704,-11.343094
1518198899635.00 ,-5.100662,3.5182648,3.2890472
1518198899835.00 ,3.25206,-0.5093231,0.88487244
1518198900037.00 ,0.20518494,-11.418564,-13.071243
1518198900238.00 ,-2.232315,-3.9322968,3.377121
1518198900440.00 ,0.30278015,-2.061325,1.6846771
1518198900641.00 ,-7.4167633,-28.828598,-12.852249
1518198900842.00 ,-6.355118,-12.882492,-11.847733
1518198901045.00 ,-4.015213,1.5496979,2.9200897
1518198901247.00 ,0.8336029,-3.4633636,2.9653168
1518198901448.00 ,-3.5962677,-32.791916,-2.357193
1518198901649.00 ,-1.6253204,-14.006027,-11.621597
1518198901849.00 ,-6.445572,0.33332825,4.0031586
1518198902052.00 ,-0.07569885,-1.5471649,0.6634979
1518198902254.00 ,-0.38276672,-1.5400238,-3.704483
1518198902454.00 ,2.5688934,-16.755356,-7.539261
1518198902655.00 ,4.6850433,-12.530197,-7.8391876
1518198902856.00 ,1.7167206,3.5301666,2.9129486
1518198903059.00 ,-2.2989655,-4.27507,2.5011444
1518198903261.00 ,8.350815,-17.966965,-9.991043
1518198903463.00 ,-1.8157501,-8.773972,-0.7099762
1518198903662.00 ,6.465561,-4.0846405,-0.43385315
1518198903865.00 ,-0.358963,-6.122238,-1.1051178
1518198904067.00 ,1.9095306,-18.38115,-12.773697
1518198904268.00 ,7.760483,-11.687546,-3.49263
1518198904469.00 ,3.361557,-1.0163422,2.1512299
1518198904670.00 ,-5.0578156,-3.6109467,2.1250458
1518198904872.00 ,7.0773163,-22.142136,-9.003189
1518198905073.00 ,-4.336563,-2.1493988,-0.1910553
1518198905274.00 ,4.6683807,0.85224915,2.203598
1518198905476.00 ,-2.7107697,-11.556625,-2.5785675
1518198905677.00 ,2.4236908,-19.649887,-13.533035
1518198905880.00 ,-5.850479,0.20716858,2.639206
1518198906081.00 ,0.09806824,1.9734039,3.49852
1518198906282.00 ,5.054001,-24.174973,-10.2885895
1518198906484.00 ,5.9037933,-23.90361,-6.76326
1518198906685.00 ,-0.22090149,4.425186,0.3445282
1518198906887.00 ,0.21946716,-2.2517548,-1.2646027
1518198907088.00 ,7.517685,-11.2686,-17.593948
1518198907289.00 ,2.8688202,-4.779709,-6.0229645
1518198907490.00 ,4.039963,1.7163239,3.8936615
1518198907692.00 ,-3.4677277,-17.828903,7.4665985
1518198907894.00 ,1.7857513,-20.202133,-7.367874
1518198908096.00 ,-1.9347687,-1.9304047,-0.53382874
1518198908297.00 ,1.1287689,2.6494293,3.9174652
1518198908497.00 ,0.005233765,-35.667404,-19.483963
1518198908700.00 ,2.5379486,-18.933395,-6.656143
1518198908901.00 ,-4.2056427,6.060501,1.2062225
1518198909102.00 ,1.9738007,-19.033371,-26.951187
1518198909303.00 ,0.7264862,-12.872971,-2.7856598
1518198909504.00 ,1.3691864,-8.76207,0.2707367
1518198909705.00 ,2.9473724,-9.957016,-0.96229553
1518198909906.00 ,1.828598,-9.895126,-0.6361847
1518198910110.00 ,2.116623,-9.499985,-0.70521545
1518198910311.00 ,3.0640106,-9.159592,-0.67189026
1518198910511.00 ,2.3332367,-9.5690155,-0.5219269
1518198910712.00 ,2.771225,-9.3381195,-0.9170685
1518198910915.00 ,2.2927704,-9.478561,-0.8647003
1518198911116.00 ,3.6448212,-9.959396,-1.1765289
1518198911318.00 ,2.9997406,-9.385727,-0.971817
1518198911518.00 ,3.1020966,-9.038193,-1.0170441
1518198911720.00 ,3.2163544,-9.102463,-0.74568176
1518198911922.00 ,3.1711273,-9.121506,-0.9837189
1518198912123.00 ,3.535324,-9.159592,-0.9884796
1518198912324.00 ,3.3591766,-9.233383,-0.91944885
1518198912525.00 ,3.4924774,-9.142929,-0.7671051
1518198912727.00 ,3.944748,-8.883469,-0.76472473
1518198912929.00 ,3.1259003,-9.031052,-0.83613586
1518198913131.00 ,3.778122,-8.971542,-0.9503937
1518198913331.00 ,3.8947601,-9.0429535,-0.9242096
1518198913534.00 ,3.8257294,-8.947739,-0.92897034
1518198913735.00 ,3.7519379,-9.109604,-0.8004303
1518198913937.00 ,3.9114227,-8.888229,-0.90278625
1518198914138.00 ,3.7924042,-8.966782,-0.62428284
1518198914338.00 ,3.592453,-9.066757,-0.7837677
1518198914541.00 ,3.8519135,-8.871567,-0.86946106
1518198914741.00 ,3.7924042,-9.15007,-0.71473694
1518198914944.00 ,3.5757904,-8.973923,-0.8647003
1518198915145.00 ,3.70195,-9.035812,-0.74568176
1518198915346.00 ,3.5567474,-9.054855,-0.6933136
1518198915548.00 ,3.6424408,-9.088181,-0.62190247
1518198915749.00 ,3.547226,-9.007248,-0.6623688
1518198915950.00 ,3.7876434,-8.900131,-0.81947327
1518198916153.00 ,3.7114716,-9.073898,-0.8647003
1518198916354.00 ,3.8852386,-8.990585,-1.0884552
1518198916555.00 ,3.7162323,-8.945358,-0.98609924
1518198916757.00 ,3.8138275,-8.976303,-0.8908844
1518198916958.00 ,3.649582,-9.40239,-0.7028351
1518198917160.00 ,3.7995453,-8.731125,-1.0717926
1518198917360.00 ,4.3470306,-9.145309,-0.8147125
1518198917562.00 ,1.1144867,-8.838242,-0.33387756
1518198917764.00 ,1.2977753,-10.190292,-1.0313263
1518198917965.00 ,2.0285492,-8.935837,-1.4240875
1518198918167.00 ,2.3879852,-8.881088,-1.5454865
1518198918369.00 ,-0.31373596,-9.683273,-1.7454376
1518198918569.00 ,2.5117645,-8.990585,-1.1313019
1518198918771.00 ,1.5024872,-9.121506,-1.0027618
1518198918973.00 ,2.4689178,-9.423813,-0.76234436
1518198919174.00 ,2.7688446,-9.166733,-0.9956207
1518198919375.00 ,1.7357635,-9.502365,-0.83851624
1518198919577.00 ,1.7048187,-9.252426,-0.66474915
1518198919779.00 ,1.7619476,-9.385727,-0.9313507
1518198919980.00 ,1.5096283,-9.502365,-0.13868713
1518198920181.00 ,1.745285,-11.663742,-0.30769348
1518198920383.00 ,5.2563324,-6.365036,-6.5490265
1518198920583.00 ,4.496994,-4.094162,-4.927994
1518198920785.00 ,-4.37941,-4.767807,0.9134369
1518198920986.00 ,11.340561,-13.944138,-0.2577057
1518198921188.00 ,-8.778336,-10.464035,-4.404312
1518198921389.00 ,6.1299286,-14.824875,-8.636612
1518198921591.00 ,-2.6988678,4.3323517,1.6680145
1518198921793.00 ,-1.8800201,-23.575119,0.48020935
1518198921994.00 ,-5.8909454,-5.769943,2.427353
1518198922196.00 ,6.9559174,-12.520676,-6.6775665
1518198922397.00 ,-5.779068,2.7089386,7.2999725
1518198922597.00 ,2.6760101,-27.988327,-4.563797
1518198922799.00 ,-10.368423,3.442093,-0.7932892
1518198923001.00 ,3.3472748,-7.6504364,-5.2279205
1518198923202.00 ,-5.907608,4.8941193,10.420639
1518198923404.00 ,1.4405975,-27.331345,-5.775406
1518198923606.00 ,-1.8800201,2.0233917,-2.6999664
1518198923806.00 ,12.7235565,-4.9058685,-16.220474
1518198924008.00 ,-2.9559479,7.188797,2.3987885
1518198924209.00 ,16.577377,-28.321579,-1.8144684
1518198924411.00 ,-6.0575714,2.8993683,2.2964325
1518198924611.00 ,10.012314,-11.059128,-9.855362
1518198924814.00 ,11.930893,-0.07133484,-6.1824493
1518198925016.00 ,-17.830887,-28.321579,-14.530411
1518198925216.00 ,1.404892,-3.7180634,-6.668045
1518198925419.00 ,8.341293,-10.035568,-9.541153
1518198925620.00 ,3.9042816,-7.557602,-3.36409
1518198925821.00 ,3.9161835,3.7753448,2.1678925
1518198926021.00 ,-3.6462555,-14.901047,3.6127777
1518198926223.00 ,-1.0873566,-0.49028015,-2.4762115
1518198926425.00 ,6.208481,-13.537094,-8.81514
1518198926627.00 ,-10.708817,5.5058746,1.7370453
1518198926827.00 ,18.191269,-26.91954,-11.324051
1518198927029.00 ,0.27897644,6.020035,6.4644623
1518198927230.00 ,11.01207,-21.837448,-11.662064
1518198927433.00 ,7.3486786,1.6044464,-10.978897
1518198927634.00 ,-10.080399,-20.611557,1.1419525
1518198927834.00 ,2.5569916,-1.1924896,0.3778534
1518198928037.00 ,-8.875931,-22.775314,-6.4657135
1518198928237.00 ,3.6472015,-8.405014,-3.3402863
1518198928438.00 ,0.08140564,3.3183136,5.2100067
1518198928640.00 ,-4.5555573,-20.466354,-0.99086
1518198928842.00 ,-6.8073883,4.6656036,3.1390839
1518198929044.00 ,7.2772675,-9.164352,-6.4395294
1518198929246.00 ,-11.263443,3.3183136,2.786789
1518198929446.00 ,12.975876,-25.355637,-7.8058624
1518198929649.00 ,0.28373718,2.082901,-3.4164581
1518198929849.00 ,11.445297,-9.547592,-6.006302
1518198930051.00 ,-0.31373596,3.9086456,-1.1217804
1518198930253.00 ,-2.796463,-37.804977,9.927902
1518198930454.00 ,-0.6803131,-4.2060394,2.2654877
1518198930656.00 ,3.9399872,-17.80272,-2.3500519
1518198930856.00 ,3.5972137,-9.476181,-1.6597443
1518198931057.00 ,0.6764984,-9.909409,-0.61476135
1518198931260.00 ,1.1597137,-9.559494,-1.0218048
1518198931461.00 ,1.2358856,-9.578537,-0.7575836
1518198931662.00 ,1.3977509,-9.849899,-0.40290833
1518198931864.00 ,0.8907318,-10.040329,-1.0289459
1518198932066.00 ,1.5262909,-9.5952,-0.7813873
1518198932267.00 ,1.0121307,-9.497604,-0.6671295
1518198932469.00 ,1.3168182,-9.428574,-0.73139954
1518198932670.00 ,1.6572113,-9.628525,-0.9170685
1518198932872.00 ,1.321579,-9.564255,-0.9337311
1518198933073.00 ,1.4453583,-9.495224,-1.0575104
1518198933275.00 ,1.3001556,-9.4857025,-0.7242584
1518198933476.00 ,1.3525238,-9.476181,-0.9146881
1518198933677.00 ,1.9547577,-9.53093,-0.88612366
1518198933878.00 ,1.6334076,-9.409531,-0.60523987
1518198934080.00 ,1.6595917,-9.6523285,-0.61476135
1518198934282.00 ,1.1977997,-9.388107,-0.66474915
1518198934483.00 ,1.3715668,-9.564255,-0.41481018
1518198934684.00 ,1.4191742,-9.53331,-0.49098206
1518198934886.00 ,1.2644501,-9.635666,-0.59095764
1518198935087.00 ,1.2953949,-9.521408,-0.7433014
1518198935289.00 ,1.2930145,-9.514267,-0.6195221
1518198935491.00 ,1.2811127,-9.497604,-0.71473694
1518198935692.00 ,1.3453827,-9.571396,-0.612381
1518198935893.00 ,1.4334564,-9.619003,-0.40052795
1518198936093.00 ,1.3239594,-9.516647,-0.41004944
1518198936294.00 ,1.2811127,-9.53093,-0.28627014
1518198936496.00 ,1.5167694,-9.53569,-0.5362091
1518198936698.00 ,1.302536,-9.588058,-0.46955872
1518198936899.00 ,1.1263885,-9.580917,-0.5552521
1518198937101.00 ,1.2787323,-9.561874,-0.46479797
1518198937302.00 ,1.1954193,-9.573776,-0.3791046
1518198937505.00 ,1.154953,-9.547592,-0.43623352
1518198937705.00 ,1.154953,-9.547592,-0.43623352
1518198937907.00 ,1.2358856,-9.607101,-0.41719055
1518198938109.00 ,1.283493,-9.573776,-0.49336243
1518198938310.00 ,1.2216034,-9.578537,-0.45289612
1518198938511.00 ,1.2953949,-9.559494,-0.45289612
1518198938712.00 ,1.2144623,-9.549973,-0.54096985
1518198938914.00 ,1.2073212,-9.557114,-0.49098206
1518198939116.00 ,1.2430267,-9.519028,-0.41957092
1518198939317.00 ,1.2858734,-9.626144,-0.48384094
1518198939518.00 ,1.2644501,-9.614243,-0.5385895
1518198939719.00 ,1.3072968,-9.540451,-0.45289612
1518198939921.00 ,1.3549042,-9.59996,-0.381485
1518198940123.00 ,1.2144623,-9.538071,-0.5552521
1518198940324.00 ,1.1954193,-9.554733,-0.42671204
1518198940525.00 ,1.2335052,-9.538071,-0.56477356
1518198940726.00 ,1.2787323,-9.611862,-0.40290833
1518198940929.00 ,1.1192474,-9.538071,-0.6028595
1518198941131.00 ,0.8740692,-9.804672,-0.16963196
1518198941331.00 ,-1.4158478,-8.545456,-4.737564
1518198941533.00 ,2.3498993,-7.043442,-4.2781525
1518198941733.00 ,2.4689178,-8.683517,-4.442398
1518198941935.00 ,-1.8609772,-8.990585,0.11601257
1518198942137.00 ,1.026413,-9.964157,0.43974304
1518198942338.00 ,-0.294693,-9.5047455,2.139328
1518198942540.00 ,-0.820755,-9.6332855,0.24217224
1518198942741.00 ,0.51701355,-9.419052,-0.59095764
1518198942942.00 ,2.180893,-8.604965,-2.7832794
1518198943144.00 ,0.7907562,-8.464523,-4.551895
1518198943345.00 ,0.34562683,-8.76445,-3.9782257
1518198943547.00 ,-0.123306274,-10.694931,-5.1969757
1518198943749.00 ,1.9357147,-10.766342,1.8465424
1518198943951.00 ,1.9047699,-9.833237,-1.8049469
1518198944152.00 ,2.207077,-8.871567,0.33262634
1518198944352.00 ,2.1380463,-12.1540985,-0.14344788
1518198944554.00 ,-1.1611481,-9.516647,-0.46003723
1518198944756.00 ,1.0740204,-6.5340424,-2.9165802
1518198944958.00 ,2.752182,-6.7482758,-3.8401642
1518198945159.00 ,1.8547821,-8.140793,-4.1567535
1518198945359.00 ,1.6381683,-7.9027557,-1.1241608
1518198945562.00 ,1.1430511,-9.578537,0.20646667
1518198945763.00 ,1.6476898,-10.023666,-0.96229553
1518198945965.00 ,1.7809906,-7.9646454,1.3061981
1518198946166.00 ,0.92881775,-9.816574,0.51353455
1518198946368.00 ,1.7667084,-10.311691,-2.8285065
1518198946569.00 ,4.2875214,-9.849899,0.7634735
1518198946771.00 ,1.5858002,-9.457138,-0.40290833
1518198946971.00 ,3.0068817,-8.624008,-1.6097565
1518198947172.00 ,2.2023163,-8.159836,-1.5954742
1518198947374.00 ,2.1404266,-8.112228,-1.4121857
1518198947576.00 ,-0.19709778,-9.966537,1.1586151
1518198947777.00 ,1.488205,-9.745163,-2.5999908
1518198947979.00 ,-0.29945374,-9.566635,0.5111542
1518198948179.00 ,1.9714203,-11.613754,0.43736267
1518198948380.00 ,2.2618256,-10.295029,-1.7573395
1518198948582.00 ,2.6212616,-7.93132,-2.126297
1518198948785.00 ,3.452011,-8.771591,-5.8230133
1518198948986.00 ,-0.30421448,-10.016525,-3.2284088
1518198949188.00 ,2.6736298,-8.652573,2.3226166
1518198949388.00 ,6.279892,-8.071762,-0.7861481
1518198949591.00 ,2.8902435,-9.699936,1.7394257
1518198949792.00 ,0.9811859,-10.311691,0.7801361
1518198949994.00 ,5.2491913,-9.350021,0.7396698
1518198950195.00 ,-0.17567444,-12.273117,-0.22676086
1518198950397.00 ,0.6431732,-9.27623,0.56114197
1518198950598.00 ,3.9233246,-6.248398,-3.0736847
1518198950799.00 ,-1.5158234,-8.390732,-3.4045563
1518198950999.00 ,3.7305145,-9.231003,0.6349335
1518198951202.00 ,3.713852,-9.647568,0.06602478
1518198951403.00 ,3.1139984,-8.9596405,-0.17915344
1518198951605.00 ,3.3520355,-8.952499,0.035079956
1518198951806.00 ,1.9833221,-9.300034,-0.29103088
1518198952008.00 ,2.3594208,-9.169113,-1.4312286
1518198952208.00 ,3.4282074,-9.557114,-1.3717194
1518198952410.00 ,3.1925507,-8.904892,-1.7740021
1518198952611.00 ,2.6545868,-9.547592,-2.0072784
1518198952813.00 ,3.085434,-9.4214325,-0.83613586
1518198953015.00 ,3.6876678,-9.014389,-1.2050934
1518198953215.00 ,2.9211884,-9.46904,-0.6528473
1518198953416.00 ,3.4615326,-8.940598,-0.9741974
1518198953619.00 ,3.2734833,-9.069138,-1.2074738
1518198953821.00 ,3.1187592,-9.14769,-1.266983
1518198954022.00 ,3.501999,-8.973923,-0.9837189
1518198954224.00 ,3.6876678,-8.945358,-1.3479156
1518198954426.00 ,3.1378021,-8.964401,-1.2193756
1518198954627.00 ,3.463913,-9.1262665,-1.0813141
1518198954827.00 ,3.4234467,-9.128647,-1.0146637
1518198955029.00 ,3.2853851,-9.123886,-0.96943665
1518198955230.00 ,3.2877655,-9.071518,-0.9575348
1518198955432.00 ,3.3591766,-9.128647,-1.009903
1518198955632.00 ,3.2234955,-9.142929,-0.99324036
1518198955834.00 ,3.2496796,-9.116745,-0.93611145
1518198956037.00 ,3.2830048,-9.176254,-0.9337311
1518198956237.00 ,3.221115,-9.131027,-0.9004059
1518198956438.00 ,3.304428,-9.209579,-0.8147125
1518198956641.00 ,3.3091888,-9.121506,-0.8766022
1518198956841.00 ,3.2806244,-9.1905365,-0.7337799
1518198957044.00 ,3.2758636,-9.114365,-0.87898254
1518198957245.00 ,3.206833,-9.0858,-0.96229553
1518198957445.00 ,3.3210907,-9.145309,-0.8575592
1518198957647.00 ,3.3377533,-9.104843,-0.86231995
1518198957848.00 ,3.25206,-9.095322,-0.99324036
1518198958051.00 ,3.387741,-9.092941,-0.92658997
1518198958252.00 ,3.130661,-9.138168,-0.91944885
1518198958453.00 ,3.6733856,-9.054855,-1.0337067
1518198958655.00 ,3.2115936,-9.102463,-0.8908844
1518198958855.00 ,3.278244,-9.116745,-0.82185364
1518198959058.00 ,3.297287,-9.040573,-0.53382874
1518198959260.00 ,3.1449432,-8.550217,-0.7194977
1518198959460.00 ,3.2115936,-8.850143,-0.39814758
1518198959662.00 ,2.6450653,-8.647812,-1.433609
1518198959863.00 ,4.696945,-8.731125,-0.7813873
1518198960064.00 ,0.73838806,-9.585678,-2.1405792
1518198960267.00 ,2.8045502,-9.333359,-0.50764465
1518198960468.00 ,2.2761078,-9.492844,-1.2074738
1518198960668.00 ,0.4551239,-8.685898,-0.87184143
1518198960871.00 ,0.60032654,-9.497604,-1.2169952
1518198961072.00 ,0.32658386,-9.302414,-1.036087
1518198961274.00 ,0.9811859,-9.066757,-1.1336823
1518198961475.00 ,-0.26374817,-9.27861,-0.9170685
1518198961675.00 ,0.071884155,-9.414291,-1.4121857
1518198961878.00 ,-0.34706116,-9.557114,-1.5835724
1518198962080.00 ,-0.016189575,-3.7847137,0.68492126
1518198962280.00 ,2.873581,-19.385666,-12.052444
1518198962481.00 ,-2.0252228,-5.6675873,-0.76472473
1518198962682.00 ,0.77171326,-3.2300873,0.97532654
1518198962884.00 ,-8.185623,-21.247116,-0.024429321
1518198963086.00 ,-3.1773224,-12.480209,-3.7449493
1518198963287.00 ,-0.14949036,-2.8992157,-0.29341125
1518198963490.00 ,-6.009964,-9.442856,-8.274796
1518198963690.00 ,-9.604324,-16.541122,-10.236221
1518198963893.00 ,-4.805496,4.1324005,-1.8549347
1518198964094.00 ,3.8899994,0.20478821,2.748703
1518198964294.00 ,-11.910904,-23.632248,1.4394989
1518198964496.00 ,-13.888992,-7.1124725,-12.047684
1518198964697.00 ,-2.603653,-3.0944061,-1.0979767
1518198964899.00 ,1.2953949,-1.9161224,1.6918182
1518198965101.00 ,-0.51130676,-13.1419525,-7.1131744
1518198965303.00 ,0.6431732,-17.312363,-8.024857
1518198965504.00 ,-0.13520813,-0.3474579,-1.2169952
1518198965704.00 ,4.080429,0.9569855,3.7675018
1518198965907.00 ,6.903549,-13.596603,-9.110306
1518198966108.00 ,2.3784637,-21.14,-9.614944
1518198966308.00 ,-3.2701569,2.980301,-2.3857574
1518198966511.00 ,-0.28993225,0.07862854,2.4130707
1518198966711.00 ,6.191818,-17.174301,-12.518997
1518198966914.00 ,2.2737274,-11.835129,-5.0922394
1518198967115.00 ,-3.810501,0.9712677,1.3157196
1518198967317.00 ,0.5884247,-4.0584564,-8.196243
1518198967518.00 ,-1.1421051,-13.932236,-14.163834
1518198967718.00 ,9.179184,4.463272,3.0652924
1518198967920.00 ,-0.38990784,-0.87590027,2.3011932
1518198968123.00 ,-2.2227936,-25.334213,-7.1131744
1518198968323.00 ,0.5122528,-13.091965,-9.119827
1518198968525.00 ,4.7255096,-8.207443,-4.71138
1518198968727.00 ,1.4382172,-2.932541,1.5061493
1518198968927.00 ,-3.9914093,-1.3662567,-2.4762115
1518198969130.00 ,2.2737274,-10.037949,-10.233841
1518198969330.00 ,7.1677704,-22.582504,-6.346695
1518198969531.00 ,-7.621475,3.7777252,-3.9710846
1518198969734.00 ,2.514145,-10.616379,3.7913055
1518198969936.00 ,2.842636,-19.952194,-10.379044
1518198970137.00 ,0.81217957,-4.665451,0.19694519
1518198970337.00 ,2.2880096,1.3997345,3.0914764
1518198970539.00 ,9.310104,-20.337814,2.6177826
1518198970740.00 ,2.199936,-22.81578,-11.990555
1518198970941.00 ,-3.1820831,0.19526672,5.2338104
1518198971143.00 ,1.4382172,-1.0591888,-1.3336334
1518198971344.00 ,7.8985443,-22.908615,-13.825821
1518198971547.00 ,-2.6917267,0.5285187,3.608017
1518198971749.00 ,2.3070526,0.92604065,2.9486542
1518198971950.00 ,-2.0276031,-24.2202,-9.557816
1518198972151.00 ,1.4144135,-14.15361,-6.051529
1518198972351.00 ,-2.9845123,-2.8254242,2.658249
1518198972554.00 ,-3.1916046,-27.033798,-2.5476227
1518198972756.00 ,4.239914,-8.328842,-0.72901917
1518198972956.00 ,4.777878,-9.707077,1.7394257
1518198973157.00 ,3.7424164,-9.221481,0.93247986
1518198973358.00 ,2.5355682,-7.981308,1.8965302
1518198973560.00 ,-1.051651,-9.142929,4.391159
1518198973763.00 ,1.8500214,-10.611618,-0.7528229
1518198973964.00 ,1.5358124,-9.335739,0.56114197
1518198974164.00 ,1.2787323,-9.6332855,0.18980408
1518198974367.00 ,3.437729,-10.330734,0.45402527
1518198974569.00 ,1.5500946,-9.138168,-0.076797485
1518198974770.00 ,1.5667572,-9.828476,-0.7194977
1518198974971.00 ,1.8452606,-9.380966,-1.619278
1518198975173.00 ,1.450119,-9.154831,-1.1479645
1518198975374.00 ,1.8857269,-9.154831,-1.1360626
1518198975575.00 ,2.835495,-7.212448,3.2009735
1518198975777.00 ,0.20756531,-10.059372,-1.5002594
1518198975978.00 ,2.271347,-9.697556,-0.7575836
1518198976180.00 ,1.6453094,-9.497604,-0.84565735
1518198976382.00 ,1.5120087,-9.21434,-1.1217804
1518198976583.00 ,1.6000824,-9.445236,-0.6933136
1518198976784.00 ,1.3168182,-9.5047455,-0.66474915
1518198976986.00 ,2.2046967,-9.266708,-0.67427063
1518198977187.00 ,1.7310028,-9.614243,-0.5219269
1518198977388.00 ,1.9928436,-9.419052,-0.6361847
1518198977589.00 ,1.8452606,-9.507126,-0.6195221
1518198977790.00 ,2.0190277,-9.438095,-0.57429504
1518198977993.00 ,1.7333832,-9.47142,-0.6599884
1518198978195.00 ,1.7429047,-9.426193,-0.48860168
1518198978395.00 ,1.7595673,-9.497604,-0.51716614
1518198978596.00 ,1.8690643,-9.528549,-0.612381
1518198978799.00 ,1.9071503,-9.438095,-0.60762024
1518198978999.00 ,2.0428314,-9.480942,-0.6837921
1518198979200.00 ,1.9071503,-9.509506,-0.6266632
1518198979403.00 ,1.719101,-9.440475,-0.66474915
1518198979605.00 ,1.9904633,-9.490463,-0.7337799
1518198979806.00 ,1.8000336,-9.388107,-0.676651
1518198980007.00 ,2.207077,-9.5952,-0.7528229
1518198980207.00 ,1.6595917,-9.361923,-0.68855286
1518198980410.00 ,1.7095795,-9.523788,-0.76234436
1518198980612.00 ,1.9166718,-9.588058,-0.6695099
1518198980812.00 ,1.4786835,-9.53093,-0.676651
1518198981014.00 ,2.1404266,-9.3405,-0.85517883
1518198981215.00 ,1.3572845,-9.718979,-0.3719635
1518198981417.00 ,0.59080505,-9.371445,-1.5454865
1518198981619.00 ,1.5762787,-9.683273,-1.1408234
1518198981819.00 ,0.5550995,-9.27861,-0.9218292
1518198982022.00 ,1.20018,-9.835617,-0.3886261
1518198982223.00 ,1.1977997,-9.742783,-0.5957184
1518198982423.00 ,2.168991,-8.785873,-0.024429321
1518198982626.00 ,0.5550995,-9.821335,0.2040863
1518198982826.00 ,0.46702576,-10.106979,1.022934
1518198983028.00 ,0.29563904,-8.793015,-0.30769348
1518198983229.00 ,1.8643036,-6.903,-0.029190063
1518198983430.00 ,5.344406,-16.538742,-9.77681
1518198983632.00 ,3.271103,5.194046,2.4701996
1518198983833.00 ,2.918808,-38.84163,-26.482254
1518198984034.00 ,0.09806824,-0.5497894,5.6456146
1518198984236.00 ,1.1454315,-0.059432983,-11.133621
1518198984439.00 ,18.093674,-4.729721,-11.614456
1518198984640.00 ,-4.231827,-0.8568573,0.32548523
1518198984841.00 ,8.186569,-11.799423,3.2628632
1518198985043.00 ,-8.097549,-6.664963,-1.9739532
1518198985243.00 ,4.0709076,-13.230026,-9.081741
1518198985446.00 ,1.2335052,2.8255768,8.623459
1518198985647.00 ,5.7633514,-27.081406,-8.81514
1518198985849.00 ,-0.7802887,1.5949249,2.2892914
1518198986050.00 ,4.3137054,-7.828964,-7.7487335
1518198986252.00 ,0.18852234,4.3775787,9.630356
1518198986453.00 ,18.360275,-24.686752,-5.5611725
1518198986655.00 ,-1.910965,2.673233,-1.7144928
1518198986856.00 ,15.444321,-0.24034119,-9.6601715
1518198987058.00 ,0.9811859,4.9869537,-0.28627014
1518198987259.00 ,10.217026,-37.795456,-4.8613434
1518198987460.00 ,-4.008072,2.1233673,4.2840424
1518198987662.00 ,9.948044,-6.2007904,-8.272415
1518198987862.00 ,8.376999,1.3806915,-8.512833
1518198988065.00 ,-11.634781,-15.303329,5.3171234
1518198988265.00 ,7.8033295,-5.0653534,3.0105438
1518198988466.00 ,-13.381973,-17.190964,-3.345047
1518198988668.00 ,2.8569183,-14.651108,-3.7449493
1518198988871.00 ,0.2004242,6.0105133,2.075058
1518198989072.00 ,5.9633026,-25.37706,-2.2381744
1518198989273.00 ,-0.056655884,2.4280548,6.231186
1518198989473.00 ,5.4681854,-5.074875,-9.229324
1518198989676.00 ,-7.235855,2.5161285,6.6644135
1518198989878.00 ,15.989426,-13.632309,-12.233353
1518198990079.00 ,2.7307587,3.853897,-0.24580383
1518198990280.00 ,16.232224,-12.646835,-9.484024
1518198990482.00 ,8.955429,0.9950714,-2.3786163
1518198990683.00 ,-18.81874,-37.709763,10.663437
1518198990885.00 ,-3.6272125,-2.41362,1.9060516
1518198991086.00 ,3.6138763,-19.518967,-4.532852
1518198991288.00 ,4.746933,-11.963669,-3.4688263
1518198991489.00 ,1.7405243,4.570389,1.825119
1518198991691.00 ,-0.98023987,-15.855576,-3.466446
1518198991892.00 ,-7.8809357,-1.8589935,7.264267
1518198992093.00 ,5.2444305,-12.523056,-12.290482
1518198992295.00 ,-5.829056,2.9279327,14.826706
1518198992496.00 ,8.964951,-19.72844,2.1179047
1518198992698.00 ,-0.5755768,3.4849396,2.7320404
1518198992899.00 ,15.175339,-3.3419647,-12.895096
1518198993100.00 ,2.0951996,2.6256256,-9.243607
1518198993302.00 ,-9.959,-34.693832,-3.5878448
1518198993503.00 ,0.17424011,-1.9018402,1.8394012
1518198993704.00 ,-0.48512268,-10.202194,-5.8182526
1518198993906.00 ,-2.1989899,-4.0513153,-5.2398224
1518198994106.00 ,-0.02809143,-8.878708,-4.866104
1518198994308.00 ,1.2787323,-7.5480804,-0.72901917
1518198994510.00 ,1.809555,-9.473801,-1.1455841
1518198994711.00 ,1.6524506,-9.616623,0.8729706
1518198994912.00 ,1.8762054,-9.814194,-0.57429504
1518198995113.00 ,1.995224,-9.257187,-0.83851624
1518198995316.00 ,1.1406708,-9.27623,-1.0598907
1518198995518.00 ,2.733139,-12.144577,-1.5240631
1518198995718.00 ,1.9095306,-9.388107,-0.7813873
1518198995920.00 ,2.2213593,-9.302414,-1.0027618
1518198996122.00 ,2.116623,-9.335739,-0.75520325
1518198996323.00 ,2.2808685,-9.426193,-0.91230774
1518198996523.00 ,2.3260956,-10.159348,-0.759964
1518198996725.00 ,1.892868,-9.571396,-0.79566956
1518198996926.00 ,2.1094818,-9.380966,-1.0860748
1518198997129.00 ,2.0428314,-9.364304,-0.92897034
1518198997329.00 ,1.7381439,-9.290512,-1.0027618
1518198997531.00 ,2.2142181,-9.547592,-1.0765533
1518198997732.00 ,2.059494,-9.364304,-0.9313507
1518198997935.00 ,2.2808685,-9.445236,-1.1051178
1518198998135.00 ,1.7571869,-9.454758,-0.71473694
1518198998337.00 ,1.9428558,-9.426193,-0.6837921
1518198998539.00 ,2.0452118,-9.245285,-1.471695
1518198998739.00 ,2.0309296,-9.397629,-1.0003815
1518198998942.00 ,2.0118866,-9.326218,-0.7980499
1518198999144.00 ,2.3403778,-9.1262665,-1.331253
1518198999344.00 ,2.0309296,-9.390488,-1.1598663
1518198999545.00 ,2.283249,-9.576157,-1.5883331
1518198999747.00 ,2.7593231,-9.314316,-1.3336334
1518198999950.00 ,2.3070526,-9.223862,-1.3217316
1518199000151.00 ,3.342514,-9.290512,-1.0694122
1518199000351.00 ,2.4689178,-9.7999115,-1.2812653
1518199000553.00 ,2.4879608,-9.123886,-1.4240875
1518199000755.00 ,2.4689178,-9.311935,-1.3812408
1518199000956.00 ,2.5546112,-9.226242,-1.1884308
1518199001158.00 ,2.4355927,-9.2738495,-1.202713
1518199001358.00 ,2.5617523,-9.2548065,-1.2598419
1518199001559.00 ,2.5236664,-9.271469,-1.1217804
1518199001761.00 ,2.61174,-9.333359,-1.1503448
1518199001962.00 ,2.540329,-9.27623,-1.0218048
1518199002165.00 ,2.4927216,-9.316696,-1.157486
1518199002367.00 ,2.5284271,-9.269089,-1.3669586
1518199002567.00 ,2.4498749,-9.159592,-1.1931915
1518199002768.00 ,2.5498505,-9.3381195,-1.1860504
1518199002971.00 ,2.6664886,-9.269089,-1.0456085
1518199003172.00 ,2.5165253,-9.392868,-1.1336823
1518199003374.00 ,2.5355682,-9.242905,-1.1313019
1518199003575.00 ,2.430832,-9.309555,-1.2003326
1518199003777.00 ,2.430832,-9.292892,-1.4121857
1518199003978.00 ,2.54747,-9.311935,-1.4645538
1518199004179.00 ,2.3498993,-9.380966,-1.2122345
1518199004381.00 ,2.585556,-9.328598,-1.0884552
1518199004582.00 ,2.5308075,-9.223862,-1.1336823
1518199004783.00 ,2.5522308,-9.311935,-1.1194
1518199004984.00 ,2.2927704,-9.304794,-0.92897034
1518199005186.00 ,3.1425629,-9.231003,-0.33625793
1518199005388.00 ,2.6926727,-9.366684,-1.4550323
1518199005589.00 ,3.2020721,-8.654953,-4.00679
1518199005791.00 ,4.6588593,-7.3052826,-3.5997467
1518199005992.00 ,4.823105,-7.9265594,-3.7116241
1518199006194.00 ,3.585312,-11.661362,-1.3955231
1518199006395.00 ,3.194931,-10.2426605,0.23979187
1518199006597.00 ,2.8140717,-9.7285,-1.702591
1518199006798.00 ,4.382736,-8.82872,0.6468353
1518199007000.00 ,1.6691132,-11.26384,0.001754761
1518199007201.00 ,6.0918427,-7.9146576,-2.2500763
1518199007402.00 ,4.9349823,-6.812546,-2.0263214
1518199007604.00 ,5.908554,-7.6623383,-5.8420563
1518199007805.00 ,4.3256073,-8.781113,-1.1360626
1518199008005.00 ,2.9521332,-9.388107,-1.9549103
1518199008207.00 ,4.004257,-9.271469,-0.7742462
1518199008410.00 ,6.3536835,-8.25029,0.118392944
1518199008611.00 ,3.7233734,-9.073898,-0.740921
1518199008812.00 ,4.8778534,-8.647812,-3.287918
1518199009014.00 ,5.7823944,-3.382431,-3.9044342
1518199009214.00 ,0.32182312,-9.547592,-4.063919
1518199009416.00 ,5.530075,-3.1539154,0.5587616
1518199009618.00 ,3.092575,-9.685654,-1.9525299
1518199009818.00 ,3.592453,-9.390488,1.2585907
1518199010020.00 ,4.0756683,-8.790634,0.5278168
1518199010221.00 ,6.6940765,-10.649704,-0.34101868
1518199010424.00 ,3.6233978,-9.035812,0.43260193
1518199010625.00 ,1.7429047,-7.360031,-1.3574371
1518199010826.00 ,5.061142,-7.969406,-2.5285797
1518199011028.00 ,4.3065643,-12.975327,-1.2646027
1518199011228.00 ,2.6093597,-9.702316,-2.6595001
1518199011431.00 ,3.8566742,-9.3381195,-1.3074493
1518199011632.00 ,5.765732,-7.5552216,1.3395233
1518199011833.00 ,1.5048676,-9.768967,0.23265076
1518199012036.00 ,0.68840027,-8.233627,-0.85279846
1518199012236.00 ,5.389633,-8.747787,-2.2857819
1518199012437.00 ,3.8281097,-8.205063,-2.254837
1518199012639.00 ,2.1832733,-9.21196,-2.0144196
1518199012842.00 ,2.7045746,-7.693283,-0.21723938
1518199013043.00 ,2.35466,-9.012009,1.5823212
1518199013243.00 ,7.1368256,-6.84111,0.8396454
1518199013445.00 ,6.9701996,-6.755417,0.099349976
1518199013647.00 ,5.6800385,-9.090561,0.606369
1518199013847.00 ,0.9645233,-7.019638,-0.6004791
1518199014050.00 ,4.4874725,-6.857773,-0.298172
1518199014250.00 ,4.8397675,-6.0651093,-3.371231
1518199014453.00 ,4.66362,-8.138412,-4.094864
1518199014654.00 ,4.66362,-9.878464,2.2250214
1518199014854.00 ,2.54747,-8.790634,-0.09107971
1518199015055.00 ,3.040207,-8.859665,-0.29341125
1518199015257.00 ,6.8035736,-7.4766693,0.5278168
1518199015459.00 ,2.3760834,-9.330978,0.25169373
1518199015661.00 ,3.066391,-10.549728,-1.3383942
1518199015863.00 ,5.5395966,-8.695419,1.0753021
1518199016064.00 ,3.5496063,-7.7099457,-1.3193512
1518199016266.00 ,6.0061493,-5.5723724,-4.1496124
1518199016467.00 ,4.746933,-7.2338715,-3.7021027
1518199016667.00 ,5.137314,-8.714462,0.5825653
1518199016870.00 ,3.618637,-8.067001,0.9300995
1518199017072.00 ,1.7714691,-9.809433,-2.0453644
1518199017273.00 ,2.135666,-11.32811,1.3776093
1518199017474.00 ,5.6490936,-7.6623383,-0.28388977
1518199017676.00 ,4.1613617,-8.814438,-1.6335602
1518199017877.00 ,4.3470306,-9.583298,-1.8335114
1518199018079.00 ,3.8019257,-8.397873,-1.5097809
1518199018280.00 ,4.382736,-8.914413,-2.3357697
1518199018481.00 ,4.611252,-8.383591,-2.4381256
1518199018683.00 ,4.754074,-8.295517,-2.46669
1518199018884.00 ,4.618393,-8.259811,-2.3881378
1518199019086.00 ,4.7326508,-8.045578,-2.5404816
1518199019286.00 ,4.594589,-8.352646,-2.8237457
1518199019487.00 ,4.644577,-8.047958,-2.3429108
1518199019690.00 ,4.7183685,-8.138412,-2.561905
1518199019890.00 ,4.8016815,-8.209824,-2.6356964
1518199020092.00 ,4.8778534,-8.074142,-2.5381012
1518199020294.00 ,4.761215,-8.136032,-2.4619293
1518199020495.00 ,4.8088226,-8.128891,-2.4452667
1518199020696.00 ,4.8278656,-8.259811,-2.6356964
1518199020899.00 ,4.9635468,-8.18602,-2.5547638
1518199021100.00 ,4.8397675,-7.9598846,-2.5023956
1518199021301.00 ,4.8326263,-8.067001,-2.478592
1518199021502.00 ,4.8540497,-8.043198,-2.5404816
1518199021703.00 ,5.023056,-8.081284,-2.5261993
1518199021905.00 ,4.7945404,-8.033676,-2.4833527
1518199022106.00 ,4.8469086,-8.067001,-2.4238434
1518199022309.00 ,4.8540497,-8.133652,-2.5000153
1518199022509.00 ,4.7707367,-8.095566,-2.4309845
1518199022710.00 ,4.8397675,-8.062241,-2.5095367
1518199022911.00 ,4.875473,-8.074142,-2.4381256
1518199023114.00 ,4.927841,-8.064621,-2.4000397
1518199023316.00 ,5.0182953,-8.076523,-2.3786163
1518199023517.00 ,4.996872,-7.988449,-2.4071808
1518199023717.00 ,5.0468597,-8.005112,-2.511917
1518199023920.00 ,4.901657,-8.133652,-2.3357697
1518199024122.00 ,4.796921,-8.024155,-2.331009
1518199024322.00 ,4.7064667,-8.209824,-2.4809723
1518199024524.00 ,4.773117,-8.112228,-2.421463
1518199024725.00 ,4.6802826,-8.162216,-2.542862
1518199024926.00 ,4.830246,-8.145554,-2.478592
1518199025129.00 ,4.811203,-8.150314,-2.4619293
1518199025329.00 ,4.9373627,-8.081284,-2.3333893
1518199025531.00 ,4.8659515,-8.133652,-2.633316
1518199025732.00 ,4.9683075,-8.081284,-2.395279
1518199025933.00 ,4.739792,-8.214584,-2.485733
1518199026135.00 ,4.780258,-8.176498,-2.4714508
1518199026336.00 ,4.8897552,-8.300278,-2.4619293
1518199026539.00 ,4.2422943,-8.219345,-2.485733
1518199026739.00 ,4.394638,-8.007492,-2.5928497
1518199026941.00 ,4.266098,-9.266708,-2.2976837
1518199027143.00 ,4.568405,-8.966782,-0.6004791
1518199027343.00 ,2.3689423,-3.9180145,-0.5457306
1518199027544.00 ,7.7723846,-18.757248,-6.4395294
1518199027747.00 ,-1.846695,-1.637619,-0.66474915
1518199027949.00 ,2.1594696,-1.6852264,2.7201385
1518199028150.00 ,7.4962616,-21.535141,-14.021011
1518199028350.00 ,2.9783173,-9.742783,-2.59523
1518199028553.00 ,2.5355682,1.2545319,4.0102997
1518199028754.00 ,-4.1532745,-25.200912,8.69249
1518199028956.00 ,2.1951752,-17.455185,-7.958206
1518199029157.00 ,-3.129715,2.8946075,-1.036087
1518199029357.00 ,0.52415466,-0.085617065,-1.0456085
1518199029559.00 ,0.024276733,-19.73796,-15.511124
1518199029762.00 ,4.9207,-3.5157318,-0.90278625
1518199029963.00 ,-0.5636749,3.6896515,0.7063446
1518199030164.00 ,1.4144135,-9.5690155,-4.00679
1518199030366.00 ,2.4712982,-22.43254,-8.391434
1518199030568.00 ,-1.3253937,2.6065826,0.8158417
1518199030769.00 ,-0.84931946,1.1497955,0.11125183
1518199030969.00 ,9.757614,-22.334946,-9.1341095
1518199031171.00 ,1.7667084,-3.5323944,0.06364441
1518199031373.00 ,3.7566986,-0.040390015,3.524704
1518199031575.00 ,4.1613617,-21.566086,-5.063675
1518199031776.00 ,-4.9626007,6.0819244,-3.844925
1518199031977.00 ,-1.5396271,-1.6161957,1.889389
1518199032179.00 ,4.5374603,-25.020004,-8.291458
1518199032380.00 ,-1.475357,-2.1422577,3.127182
1518199032580.00 ,-0.27565002,0.31428528,1.4585419
1518199032783.00 ,19.079147,-35.212753,-1.766861
1518199032985.00 ,1.8047943,-16.495895,-4.1900787
1518199033186.00 ,-1.8181305,5.4915924,-3.3117218
1518199033387.00 ,-0.45417786,-3.253891,-1.2788849
1518199033588.00 ,4.3327484,-16.572067,-11.588272
1518199033789.00 ,-0.08522034,-1.2043915,4.4887543
1518199033991.00 ,1.802414,1.6877594,2.960556
1518199034193.00 ,9.110153,-20.668686,-2.2762604
1518199034395.00 ,4.8707123,-13.794174,-8.8199005
1518199034596.00 ,-2.8393097,4.5632477,1.6394501
1518199034797.00 ,2.09758,-3.7252045,1.4109344
1518199034999.00 ,-1.7800446,-22.56108,-11.335953
1518199035200.00 ,-0.5970001,-0.22367859,4.724411
1518199035401.00 ,0.3480072,1.7448883,1.1443329
1518199035603.00 ,5.7181244,-16.78392,-15.963394
1518199035805.00 ,3.1592255,-8.8311,-7.674942
1518199036005.00 ,0.94548035,4.2276154,1.594223
1518199036206.00 ,8.993515,-17.095749,1.7537079
1518199036407.00 ,3.3496552,-22.342087,-12.4951935
1518199036609.00 ,-4.522232,3.8443756,5.976486
1518199036812.00 ,2.0190277,-3.030136,-0.8147125
1518199037013.00 ,1.866684,-18.312119,-9.957718
1518199037213.00 ,-0.17805481,-5.658066,1.363327
1518199037416.00 ,2.9307098,2.5018463,3.615158
1518199037618.00 ,-1.2301788,-38.84163,-28.984024
1518199037818.00 ,0.05760193,-3.8156586,-1.1408234
1518199038020.00 ,-0.88978577,-2.3898163,-0.2886505
1518199038222.00 ,3.18779,-7.6266327,-0.9956207
1518199038422.00 ,2.2546844,-10.885361,-3.4069366
1518199038625.00 ,7.282028,-8.540695,-1.6049957
1518199038825.00 ,4.625534,-8.738266,-1.4193268
1518199039027.00 ,5.5895844,-7.4980927,-1.3669586
1518199039228.00 ,7.2725067,-4.151291,-1.0241852
1518199039429.00 ,4.59935,-8.816818,1.5918427
1518199039632.00 ,7.1891937,-9.154831,-2.5404816
1518199039832.00 ,5.0373383,-8.31218,-1.6121368
1518199040035.00 ,5.208725,-8.352646,-1.2146149
1518199040235.00 ,5.6348114,-8.074142,-1.7597198
1518199040438.00 ,5.491989,-8.395493,-1.6073761
1518199040639.00 ,5.489609,-7.8932343,-1.4502716
1518199040839.00 ,4.4374847,-7.2219696,-1.8263702
1518199041041.00 ,5.201584,-7.7551727,-1.2336578
1518199041242.00 ,5.265854,-8.190781,-1.4550323
1518199041443.00 ,5.4443817,-8.116989,-1.3169708
1518199041645.00 ,5.446762,-8.05748,-1.3336334
1518199041846.00 ,5.2253876,-8.262192,-1.2527008
1518199042049.00 ,5.1468353,-8.236008,-1.3598175
1518199042251.00 ,5.203964,-8.18602,-1.4098053
1518199042451.00 ,5.23967,-8.255051,-1.4074249
1518199042653.00 ,5.3920135,-8.181259,-1.4597931
1518199042854.00 ,5.382492,-8.240768,-1.2003326
1518199043056.00 ,5.280136,-8.216965,-1.3479156
1518199043258.00 ,5.3920135,-8.231247,-1.240799
1518199043459.00 ,5.2515717,-8.126511,-1.2598419
1518199043661.00 ,5.215866,-8.271713,-1.1741486
1518199043862.00 ,5.3087006,-8.293137,-1.2765045
1518199044062.00 ,5.144455,-8.259811,-1.1741486
1518199044265.00 ,5.284897,-8.216965,-1.3812408
1518199044466.00 ,5.261093,-8.25029,-1.2550812
1518199044668.00 ,5.387253,-8.24791,-1.202713
1518199044869.00 ,5.344406,-8.257431,-1.1812897
1518199045071.00 ,5.272995,-8.157455,-1.2622223
1518199045272.00 ,5.287277,-8.236008,-1.2288971
1518199045472.00 ,5.311081,-8.190781,-1.2788849
1518199045674.00 ,5.292038,-8.228867,-1.2884064
1518199045876.00 ,5.215866,-8.276474,-1.18367
1518199046077.00 ,5.325363,-8.262192,-1.2550812
1518199046279.00 ,5.272995,-8.212204,-1.1693878
1518199046480.00 ,5.3729706,-8.207443,-1.2884064
1518199046681.00 ,5.2634735,-8.231247,-1.2788849
1518199046883.00 ,5.1682587,-8.233627,-1.3860016
1518199047084.00 ,5.4300995,-8.150314,-1.3003082
1518199047287.00 ,5.337265,-8.147934,-1.1979523
1518199047488.00 ,5.3087006,-8.174118,-1.2907867
1518199047689.00 ,5.2325287,-8.262192,-1.2265167
1518199047891.00 ,5.2634735,-8.238388,-1.3407745
1518199048092.00 ,5.1944427,-8.255051,-1.3264923
1518199048293.00 ,5.1801605,-8.24791,-1.3621979
1518199048495.00 ,5.2491913,-8.274094,-1.3383942
1518199048695.00 ,5.227768,-8.274094,-1.2003326
1518199048898.00 ,5.3729706,-8.25029,-1.2931671
1518199049099.00 ,5.170639,-8.2859955,-0.7242584
1518199049300.00 ,4.9207,-8.197922,-2.183426
1518199049501.00 ,8.12468,-5.61998,-2.8594513
1518199049703.00 ,4.8135834,-6.800644,-4.7970734
1518199049905.00 ,5.837143,-9.309555,-4.699478
1518199050107.00 ,-3.136856,-1.5638275,-5.320755
1518199050308.00 ,7.491501,-14.386887,-4.4257355
1518199050508.00 ,-2.9845123,-4.306015,-9.372147
1518199050709.00 ,7.198715,-7.859909,-13.0522
1518199050912.00 ,-3.8581085,5.122635,2.7201385
1518199051114.00 ,10.086105,-21.185226,-5.377884
1518199051315.00 ,1.8428802,6.6579742,4.0721893
1518199051516.00 ,4.278,-3.2515106,-8.717545
1518199051716.00 ,1.8452606,3.4278107,7.111923
1518199051918.00 ,29.288559,-20.935287,-6.2538605
1518199052119.00 ,-1.6300812,4.391861,6.776291
1518199052321.00 ,14.044662,-5.6104584,-17.175003
1518199052522.00 ,4.0375824,1.0879059,-2.799942
1518199052724.00 ,1.2311249,-27.24089,-6.7727814
1518199052927.00 ,0.18138123,-4.634506,3.0081635
1518199053128.00 ,0.38371277,-4.570236,-5.056534
1518199053328.00 ,6.125168,-10.578293,-9.015091
1518199053531.00 ,-2.4965363,-3.1491547,1.9203339
1518199053732.00 ,1.0764008,-10.156967,-2.9689484
1518199053934.00 ,-2.9868927,-9.459518,-25.465836
1518199054136.00 ,5.8657074,-10.502121,-7.996292
1518199054335.00 ,-0.5232086,6.034317,-0.8099518
1518199054538.00 ,4.228012,-21.33281,-1.9501495
1518199054738.00 ,4.9349823,2.3185577,1.8870087
1518199054941.00 ,8.169907,1.3854523,-10.914627
1518199055143.00 ,5.5705414,1.1497955,0.16600037
1518199055343.00 ,18.998215,-38.84163,-11.662064
1518199055545.00 ,0.8169403,-3.2324677,4.5601654
1518199055746.00 ,-2.1751862,-15.731796,-15.287369
1518199055948.00 ,1.9476166,-9.228622,-10.4361725
1518199056150.00 ,3.1830292,2.518509,-6.418106
1518199056350.00 ,-0.6160431,-19.511826,-4.8732452
1518199056553.00 ,-12.037064,2.1447906,4.672043
1518199056754.00 ,2.7545624,-6.122238,-5.80159
1518199056954.00 ,-11.2539215,4.175247,8.706772
1518199057156.00 ,-0.35658264,-28.059738,-2.7523346
1518199057357.00 ,3.989975,5.2987823,-0.48146057
1518199057558.00 ,6.5607758,-1.6590424,-15.011246
1518199057761.00 ,5.4872284,8.42421,-7.708267
1518199057963.00 ,28.362595,-11.380478,-9.13649
1518199058164.00 ,-1.4729767,0.69514465,2.0441132
1518199058364.00 ,13.413864,-9.933212,-1.4693146
1518199058567.00 ,1.7976532,-9.159592,-0.036331177
1518199058769.00 ,-4.477005,-4.8106537,3.8079681
1518199058969.00 ,-1.5086823,-9.40477,-3.8354034
1518199059171.00 ,-7.6548004,-8.031296,-15.156448
1518199059373.00 ,2.7355194,-11.451889,-5.6778107
1518199059573.00 ,-10.556473,5.258316,-0.08631897
1518199059775.00 ,-5.183975,-19.880783,-4.3495636
1518199059977.00 ,2.892624,1.9876862,1.1847992
1518199060178.00 ,2.0737762,-12.692062,-9.581619
1518199060380.00 ,-1.3896637,-5.2319794,-2.6856842
1518199060581.00 ,-0.33039856,-10.949631,-2.2215118
1518199060783.00 ,1.0478363,-9.685654,-0.94563293
1518199060984.00 ,1.2715912,-10.04985,-1.1765289
1518199061185.00 ,1.5643768,-9.430954,-0.5600128
1518199061387.00 ,1.3191986,-9.46666,-0.32435608
1518199061588.00 ,1.0121307,-9.40715,-0.8813629
1518199061788.00 ,1.0240326,-9.621384,-1.2003326
1518199061990.00 ,1.3953705,-9.511887,-0.86231995
1518199062191.00 ,1.0978241,-9.680893,-0.66474915
1518199062393.00 ,1.2930145,-9.480942,-0.5195465
1518199062594.00 ,1.0764008,-9.614243,-0.5266876
1518199062796.00 ,1.4263153,-9.592819,-0.8908844
1518199062998.00 ,1.1835175,-9.602341,-0.7337799
1518199063200.00 ,1.1787567,-9.678513,-0.54811096
1518199063400.00 ,1.6738739,-9.423813,-0.9408722
1518199063602.00 ,1.4239349,-9.46904,-1.0313263
1518199063804.00 ,1.5358124,-9.473801,-1.0337067
1518199064005.00 ,1.4953461,-9.559494,-0.92658997
1518199064206.00 ,1.4644012,-9.552353,-1.0218048
1518199064408.00 ,1.5643768,-9.40715,-1.0194244
1518199064610.00 ,1.469162,-9.516647,-0.9051666
1518199064811.00 ,1.5405731,-9.435715,-1.0384674
1518199065013.00 ,1.404892,-9.478561,-0.8908844
1518199065213.00 ,1.4191742,-9.492844,-0.93611145
1518199065415.00 ,1.5024872,-9.511887,-0.9337311
1518199065617.00 ,1.6762543,-9.478561,-1.0003815
1518199065819.00 ,1.5929413,-9.447617,-0.9146881
1518199066020.00 ,1.3882294,-10.099838,-1.1765289
1518199066220.00 ,1.450119,-9.114365,-0.9884796
1518199066423.00 ,1.5667572,-9.495224,-0.7766266
1518199066623.00 ,1.5953217,-9.538071,-0.8980255
1518199066824.00 ,1.7024384,-9.40477,-0.8932648
1518199067027.00 ,1.5405731,-9.540451,-1.0146637
1518199067227.00 ,1.8333588,-9.438095,-1.0456085
1518199067428.00 ,1.7429047,-9.423813,-1.1170197
1518199067630.00 ,1.5262909,-9.438095,-0.95277405
1518199067832.00 ,1.719101,-9.442856,-1.2122345
1518199068034.00 ,1.1454315,-9.411911,-0.8742218
1518199068235.00 ,1.2120819,-9.46904,-0.6433258
1518199068435.00 ,1.450119,-9.549973,-0.85279846
1518199068638.00 ,1.3834686,-9.628525,-0.8075714
1518199068840.00 ,1.4858246,-9.492844,-0.8408966
1518199069041.00 ,1.4405975,-9.46904,-0.9004059
1518199069243.00 ,1.3929901,-9.40239,-0.99086
1518199069443.00 ,1.4429779,-9.464279,-0.9670563
1518199069646.00 ,1.5905609,-9.383347,-0.9480133
1518199069847.00 ,1.3572845,-9.509506,-0.888504
1518199070047.00 ,1.4191742,-9.576157,-0.97895813
1518199070250.00 ,1.4358368,-9.5047455,-0.7980499
1518199070452.00 ,1.3977509,-9.552353,-0.80519104
1518199070651.00 ,1.4572601,-9.488083,-0.80519104
1518199070853.00 ,1.6072235,-9.423813,-0.676651
1518199071055.00 ,2.347519,-9.545212,-0.5266876
1518199071256.00 ,0.25279236,-9.649948,-3.6116486
1518199071458.00 ,1.3477631,-5.472397,-3.7211456
1518199071660.00 ,2.5070038,-9.200058,-4.9398956
1518199071860.00 ,4.232773,-7.807541,0.120773315
1518199072063.00 ,4.8350067,-10.8710785,-0.85279846
1518199072264.00 ,0.94548035,-9.159592,-1.3098297
1518199072465.00 ,1.809555,-9.526169,-0.34339905
1518199072667.00 ,3.2687225,-8.804916,0.48258972
1518199072868.00 ,1.9595184,-9.292892,-0.3886261
1518199073069.00 ,0.9097748,-9.926071,2.3154755
1518199073272.00 ,1.1835175,-9.000107,-3.8877716
1518199073473.00 ,2.0880585,-6.315048,-4.506668
1518199073674.00 ,-0.0471344,-7.8575287,-4.39003
1518199073875.00 ,3.111618,-8.947739,0.48258972
1518199074077.00 ,4.739792,-9.380966,-0.93611145
1518199074278.00 ,3.0830536,-8.512131,-0.69807434
1518199074479.00 ,4.4993744,-8.614487,0.011276245
1518199074681.00 ,4.785019,-9.400009,0.5278168
1518199074883.00 ,-0.6588898,-10.040329,0.77537537
1518199075084.00 ,0.5693817,-8.519272,-1.3836212
1518199075286.00 ,1.6096039,-11.877975,-2.0120392
1518199075487.00 ,0.37895203,-8.471664,-0.31721497
1518199075688.00 ,2.6403046,-6.9791718,-1.0218048
1518199075891.00 ,1.6738739,-7.667099,-3.326004
1518199076092.00 ,-0.24232483,-8.983444,-1.4597931
1518199076293.00 ,1.6524506,-8.028915,2.4487762
1518199076494.00 ,4.837387,-9.145309,-0.6004791
1518199076695.00 ,1.4572601,-7.7099457,-1.3550568
1518199076897.00 ,1.3834686,-9.454758,0.19218445
1518199077099.00 ,-0.987381,-9.647568,0.27549744
1518199077299.00 ,0.22898865,-7.6385345,0.18980408
1518199077500.00 ,3.778122,-6.3697968,-3.1831818
1518199077702.00 ,2.5498505,-7.890854,-6.0182037
1518199077903.00 ,5.0397186,-8.95488,-2.9046783
1518199078105.00 ,4.016159,-9.959396,0.06364441
1518199078306.00 ,3.4805756,-9.754684,0.6016083
1518199078508.00 ,0.8693085,-10.011765,-0.04585266
1518199078709.00 ,4.7255096,-8.602585,0.31596375
1518199078912.00 ,3.3139496,-10.504501,0.44688416
1518199079113.00 ,2.9592743,-8.992966,-0.23866272
1518199079314.00 ,4.542221,-7.338608,-3.6521149
1518199079515.00 ,3.63768,-9.638046,-3.9425201
1518199079716.00 ,4.8588104,-9.233383,-4.409073
1518199079918.00 ,3.452011,-8.421677,-1.1955719
1518199080120.00 ,1.4905853,-9.516647,-2.6666412
1518199080322.00 ,6.9392548,-7.7551727,0.68730164
1518199080523.00 ,1.8643036,-12.434982,0.8610687
1518199080724.00 ,1.7548065,-11.837509,0.77537537
1518199080926.00 ,4.0518646,-7.269577,-3.5449982
1518199081128.00 ,3.6686249,-9.264328,-2.3881378
1518199081328.00 ,4.901657,-10.733017,-1.766861
1518199081530.00 ,3.1806488,-8.814438,0.7134857
1518199081732.00 ,2.1475677,-10.180771,-0.3957672
1518199081933.00 ,2.8569183,-9.304794,0.15171814
1518199082135.00 ,3.8923798,-8.666855,0.04222107
1518199082335.00 ,0.23136902,-9.704697,1.1562347
1518199082536.00 ,0.12187195,-9.873703,0.5849457
1518199082737.00 ,1.6096039,-8.804916,-2.4238434
1518199082939.00 ,1.1002045,-9.288132,-1.9025421
1518199083141.00 ,2.2380219,-8.6454315,-0.6695099
1518199083342.00 ,2.944992,-9.354782,-0.68855286
1518199083544.00 ,2.180893,-9.380966,-1.1622467
1518199083746.00 ,2.4141693,-9.376205,-1.2098541
1518199083948.00 ,2.6902924,-9.564255,-0.7766266
1518199084149.00 ,3.3853607,-9.497604,-0.888504
1518199084349.00 ,2.9687958,-9.292892,-0.67427063
1518199084552.00 ,2.7212372,-9.197678,-0.87184143
1518199084753.00 ,3.1592255,-9.1905365,-1.471695
1518199084954.00 ,2.521286,-9.052475,-1.2598419
1518199085156.00 ,2.502243,-9.4214325,-1.0384674
1518199085356.00 ,2.4712982,-9.309555,-0.60762024
1518199085559.00 ,2.3118134,-9.46666,-0.7861481
1518199085759.00 ,2.5617523,-9.335739,-0.8670807
1518199085962.00 ,2.6284027,-9.438095,-0.8170929
1518199086163.00 ,2.4260712,-9.333359,-0.68855286
1518199086365.00 ,2.695053,-9.519028,-0.8408966
1518199086566.00 ,2.3522797,-9.385727,-0.6361847
1518199086767.00 ,2.4403534,-9.285751,-0.81233215
1518199086969.00 ,3.12352,-9.159592,-0.9218292
1518199087170.00 ,2.5308075,-9.430954,-0.8837433
1518199087372.00 ,2.687912,-9.314316,-0.91230774
1518199087572.00 ,2.6926727,-9.266708,-0.971817
1518199087775.00 ,2.6379242,-9.409531,-0.9408722
1518199087977.00 ,2.7021942,-9.221481,-0.8813629
1518199088177.00 ,2.54747,-9.380966,-0.9980011
1518199088378.00 ,2.6998138,-9.219101,-1.0384674
1518199088580.00 ,2.706955,-9.181015,-0.9670563
1518199088782.00 ,2.8259735,-9.21196,-0.9337311
1518199088983.00 ,2.8116913,-9.185776,-1.0670319
1518199089184.00 ,2.6641083,-9.235764,-1.0384674
1518199089386.00 ,2.7997894,-9.247665,-1.0527496
1518199089587.00 ,2.6783905,-9.266708,-1.1479645
1518199089789.00 ,2.6188812,-9.280991,-1.2265167
1518199089991.00 ,2.687912,-9.261948,-1.1551056
1518199090192.00 ,2.8116913,-9.204819,-1.1265411
1518199090393.00 ,2.733139,-9.238144,-1.18367
1518199090595.00 ,2.7188568,-9.311935,-1.2265167
1518199090795.00 ,2.8450165,-9.192917,-1.1408234
1518199090998.00 ,2.7283783,-9.271469,-1.1598663
1518199091198.00 ,2.7950287,-9.240524,-1.0765533
1518199091401.00 ,2.7378998,-9.207199,-1.2288971
1518199091602.00 ,2.745041,-9.152451,-1.157486
1518199091804.00 ,2.7831268,-9.259567,-1.1693878
1518199092005.00 ,2.7188568,-9.21196,-1.1789093
1518199092205.00 ,2.6593475,-9.464279,-1.0527496
1518199092408.00 ,2.2094574,-9.397629,-1.388382
1518199092609.00 ,0.48606873,-3.2181854,-4.192459
1518199092809.00 ,5.620529,-19.457077,-8.001053
1518199093012.00 ,-1.1730499,5.015518,4.145981
1518199093212.00 ,0.33848572,-1.3900604,-3.6806793
1518199093414.00 ,-4.06044,-20.704391,-12.576126
1518199093615.00 ,-6.164688,2.4090118,3.5413666
1518199093816.00 ,-0.9516754,-0.014205933,-1.0908356
1518199094018.00 ,11.490524,-26.798141,-14.33522
1518199094219.00 ,1.0335541,-5.1700897,-2.6666412
1518199094422.00 ,4.3398895,2.5542145,2.972458
1518199094622.00 ,-4.772171,-13.3181,-23.668655
1518199094823.00 ,-0.83503723,-24.315414,-12.659439
1518199095026.00 ,-5.9504547,4.1466827,5.3171234
1518199095227.00 ,-0.1542511,-0.7997284,0.7563324
1518199095429.00 ,8.976852,-19.887924,-14.968399
1518199095631.00 ,7.3153534,-15.462814,-6.0086823
1518199095831.00 ,-2.5417633,3.1873932,2.3821259
1518199096033.00 ,2.0571136,-0.72117615,0.8967743
1518199096235.00 ,-3.3844147,-23.353745,-12.945084
1518199096435.00 ,-1.0111847,1.2021637,4.9267426
1518199096638.00 ,2.6593475,-1.6828461,2.6606293
1518199096838.00 ,9.85759,-21.85411,-11.747757
1518199097041.00 ,8.331772,-20.102158,-7.5630646
1518199097241.00 ,-4.7697906,4.2609406,-0.529068
1518199097443.00 ,0.45750427,1.7829742,0.19218445
1518199097645.00 ,5.677658,-17.174301,-15.596817
1518199097845.00 ,1.7619476,-0.99253845,2.9700775
1518199098048.00 ,1.0811615,-0.880661,0.8872528
1518199098250.00 ,-2.822647,-11.816086,-5.335037
1518199098450.00 ,2.3237152,-21.739853,-7.6797028
1518199098652.00 ,-1.2087555,-0.5997772,0.70396423
1518199098852.00 ,2.5688934,0.57850647,4.5601654
1518199099054.00 ,4.875473,-18.826279,11.013351
1518199099255.00 ,1.2668304,-12.382614,-10.924149
1518199099456.00 ,-3.6034088,0.82606506,0.7134857
1518199099659.00 ,0.87882996,-2.9515839,-1.2788849
1518199099861.00 ,5.7895355,-11.989853,-13.540176
1518199100063.00 ,-1.5634308,-7.769455,-2.3667145
1518199100264.00 ,2.392746,1.2688141,4.9386444
1518199100465.00 ,1.8785858,-7.193405,-0.5861969
1518199100665.00 ,-0.6826935,-18.421616,-12.633255
1518199100868.00 ,-0.02809143,1.3021393,0.48973083
1518199101068.00 ,2.7688446,-3.522873,0.4683075
1518199101271.00 ,6.7274017,-24.236862,-11.773941
1518199101472.00 ,10.778793,-19.99504,-9.3293
1518199101674.00 ,-3.9914093,3.1421661,3.5485077
1518199101876.00 ,0.3313446,1.852005,1.4704437
1518199102077.00 ,7.7152557,-21.380417,-16.32045
1518199102278.00 ,3.6852875,-7.0553436,-4.8542023
1518199102478.00 ,0.79551697,0.7308502,3.2438202
1518199102681.00 ,-5.0268707,-15.11528,-0.41481018
1518199102882.00 ,2.5617523,-15.907944,-5.8872833
1518199103083.00 ,-3.727188,-2.3184052,3.2319183
1518199103285.00 ,3.759079,-5.1224823,5.262375
1518199103487.00 ,-3.322525,-8.31456,1.0967255
1518199103688.00 ,3.932846,-11.639938,1.6894379
1518199103889.00 ,11.252487,-9.097702,2.0084076
1518199104090.00 ,-4.953079,-11.504257,4.2007294
1518199104291.00 ,13.913742,2.7684479,9.6089325
